link,name,price
hotline.ua/computer-videokarty/gigabyte-geforce-gtx-1660-super-6gb-oc-gv-n166soc-6gd/,GIGABYTE GeForce GTX 1660 Super 6GB OC (GV-N166SOC-6GD),18 704
hotline.ua/computer-videokarty/inno3d-geforce-rtx-3060-twin-x2-oc-n30602-12d6x-11902120/,INNO3D GEFORCE RTX 3060 TWIN X2 OC (N30602-12D6X-11902120),33 164
hotline.ua/computer-videokarty/gigabyte-geforce-rtx-2060-oc-6g-gv-n2060oc-6gd/,GIGABYTE GeForce RTX 2060 OC 6G (GV-N2060OC-6GD),23 036
hotline.ua/computer-videokarty/gigabyte-geforce-rtx-3070-vision-oc-8g-gv-n3070vision-oc-8gd/,GIGABYTE GeForce RTX 3070 VISION OC 8G (GV-N3070VISION OC-8GD),47 214
hotline.ua/computer-videokarty/gigabyte-geforce-rtx-3070-gaming-oc-8g-gv-n3070gaming-oc-8gd/,GIGABYTE GeForce RTX 3070 GAMING OC 8G (GV-N3070GAMING OC-8GD),47 076
hotline.ua/computer-videokarty/gigabyte-radeon-rx-580-gaming-4g-gv-rx580gaming-4gd/,GIGABYTE Radeon RX 580 Gaming 4G (GV-RX580GAMING-4GD),19 999
hotline.ua/computer-videokarty/msi-geforce-rtx-3070-ventus-3x-oc/,MSI GeForce RTX 3070 VENTUS 3X OC,46 382
hotline.ua/computer-videokarty/inno3d-geforce-rtx-3060-ichill-x3-red-c30603-12d6x-1671va39a/,INNO3D GEFORCE RTX 3060 ICHILL X3 RED (C30603-12D6X-1671VA39A),35 256
hotline.ua/computer-videokarty/msi-geforce-rtx-3070-gaming-x-trio/,MSI GeForce RTX 3070 GAMING X TRIO,48 721
hotline.ua/computer-videokarty/msi-geforce-gtx-1660-super-ventus-xs-oc/,MSI GeForce GTX 1660 SUPER VENTUS XS OC,18 556
hotline.ua/computer-videokarty/palit-geforce-gtx-1660-super-gamingpro-oc-ne6166ss18j9-1160a/,Palit GeForce GTX 1660 Super GamingPro OC (NE6166SS18J9-1160A),18 959
hotline.ua/computer-videokarty/gainward-geforce-gtx-1660-super-ghost-oc-471056224-1396/,Gainward GeForce GTX 1660 SUPER Ghost OC (471056224-1396),18 195
hotline.ua/computer-videokarty/asus-tuf-rtx3060ti-8g-gaming/,ASUS TUF-RTX3060TI-8G-GAMING,41 499
hotline.ua/computer-videokarty/msi-geforce-gtx-1660-ventus-xs-6g-oc/,MSI GeForce GTX 1660 VENTUS XS 6G OC,16 039
hotline.ua/computer-videokarty/powercolor-amd-radeon-rx-6900-xt-red-devil-axrx-6900xt-16gbd6-3dheoc/,PowerColor AMD Radeon RX 6900 XT Red Devil (AXRX 6900XT 16GBD6-3DHE/OC),51 864
hotline.ua/computer-videokarty/msi-radeon-rx-5500-xt-gaming-x-8g/,MSI Radeon RX 5500 XT GAMING X 8G,16 747
hotline.ua/computer-videokarty/gigabyte-aorus-geforce-rtx-3080-xtreme-10g-gv-n3080aorus-x-10gd/,GIGABYTE AORUS GeForce RTX 3080 XTREME 10G (GV-N3080AORUS X-10GD),63 000
hotline.ua/computer-videokarty/msi-geforce-gtx-1050-ti-gaming-x-4g/,MSI GeForce GTX 1050 TI GAMING X 4G,8 299
hotline.ua/computer-videokarty/msi-geforce-rtx-3070-ventus-2x-oc/,MSI GeForce RTX 3070 VENTUS 2X OC,46 349
hotline.ua/computer-videokarty/msi-geforce-rtx-3080-gaming-x-trio-10g/,MSI GeForce RTX 3080 GAMING X TRIO 10G,78 495
hotline.ua/computer-videokarty/gigabyte-geforce-rtx-3060-eagle-oc-12g-gv-n3060eagle-oc-12gd/,GIGABYTE GeForce RTX 3060 EAGLE OC 12G (GV-N3060EAGLE OC-12GD),33 727
hotline.ua/computer-videokarty/sapphire-radeon-rx-580-8gd5-pulse-11265-05/,Sapphire Radeon RX 580 8GD5 PULSE (11265-05),19 543
hotline.ua/computer-videokarty/xfx-radeon-rx-580-gts-xxx-edition-rx-580p8dfd6/,XFX Radeon RX 580 GTS XXX Edition (RX-580P8DFD6),19 082
hotline.ua/computer-videokarty/gigabyte-geforce-rtx-3060-gaming-oc-12g-gv-n3060gaming-oc-12gd/,GIGABYTE GeForce RTX 3060 GAMING OC 12G (GV-N3060GAMING OC-12GD),33 872
hotline.ua/computer-videokarty/gigabyte-geforce-gtx-1650-super-windforce-oc-4g-gv-n165swf2oc-4gd/,GIGABYTE GeForce GTX 1650 SUPER WINDFORCE OC 4G (GV-N165SWF2OC-4GD),12 005
hotline.ua/computer-videokarty/msi-geforce-gtx-1660-ti-ventus-xs-6g/,MSI GeForce GTX 1660 Ti VENTUS XS 6G,18 599
hotline.ua/computer-videokarty/asus-rog-strix-gtx1660s-o6g-gaming/,ASUS ROG-STRIX-GTX1660S-O6G-GAMING,19 359
hotline.ua/computer-videokarty/asus-rog-strix-rx570-o4g-gaming/,ASUS ROG-STRIX-RX570-O4G-GAMING,6 960
hotline.ua/computer-videokarty/msi-geforce-rtx-2080-ti-gaming-x-trio/,MSI GeForce RTX 2080 Ti GAMING X TRIO,46 599
hotline.ua/computer-videokarty/palit-geforce-rtx-3070-jetstream-ne63070019p2-1040j/,Palit GeForce RTX 3070 JetStream (NE63070019P2-1040J),47 499
hotline.ua/computer-videokarty/gigabyte-geforce-rtx-3090-vision-oc-24g-gv-n3090vision-oc-24gd/,GIGABYTE GeForce RTX 3090 VISION OC 24G (GV-N3090VISION OC-24GD),93 999
hotline.ua/computer-videokarty/palit-geforce-rtx-3070-gamerock-oc-ne63070h19p2-1040g/,Palit GeForce RTX 3070 GameRock OC (NE63070H19P2-1040G),44 499
hotline.ua/computer-videokarty/inno3d-geforce-gtx-1060-6gb-crypto-mining-board-mn106f-5sdn-n5g-m/,INNO3D GeForce GTX 1060 6GB Crypto Mining Board (MN106F-5SDN-N5G-M),12 690
hotline.ua/computer-videokarty/msi-geforce-rtx-3060-gaming-x-12g/,MSI GeForce RTX 3060 GAMING X 12G,35 749
hotline.ua/computer-videokarty/asus-dual-gtx1660s-o6g-evo/,ASUS DUAL-GTX1660S-O6G-EVO,19 119
hotline.ua/computer-videokarty/asus-tuf-rtx3080-o10g-gaming/,ASUS TUF-RTX3080-O10G-GAMING,81 745
hotline.ua/computer-videokarty/asus-rog-strix-rtx3070-o8g-gaming/,ASUS ROG-STRIX-RTX3070-O8G-GAMING,62 496
hotline.ua/computer-videokarty/asus-rx-550-phoenix-2-gb-ph-550-2g/,ASUS PH-550-2G,2 790
hotline.ua/computer-videokarty/gigabyte-geforce-rtx-3080-gaming-oc-10g-gv-n3080gaming-oc-10gd/,GIGABYTE GeForce RTX 3080 GAMING OC 10G (GV-N3080GAMING OC-10GD),75 645
hotline.ua/computer-videokarty/msi-geforce-rtx-3060-ti-ventus-2x-oc/,MSI GeForce RTX 3060 Ti VENTUS 2X OC,44 208
hotline.ua/computer-videokarty/asus-tuf-rx6900xt-o16g-gaming/,ASUS TUF-RX6900XT-O16G-GAMING,58 022
hotline.ua/computer-videokarty/powercolor-radeon-rx-5700-xt-axrx-5700-xt-8gbd6-3dh/,PowerColor Radeon RX 5700 XT (AXRX 5700 XT 8GBD6-3DH),39 449
hotline.ua/computer-videokarty/palit-geforce-gtx-1660-super-6gb-gamingpro-ne6166s018j9-1160a/,Palit GeForce GTX 1660 Super 6GB GamingPro (NE6166S018J9-1160A),19 222
hotline.ua/computer-videokarty/asus-ph-gtx1650-o4gd6-p/,ASUS PH-GTX1650-O4GD6-P,9 598
hotline.ua/computer-videokarty/zotac-gaming-geforce-rtx-3060-twin-edge-oc-zt-a30600h-10m/,Zotac GAMING GeForce RTX 3060 Twin Edge OC (ZT-A30600H-10M),26 999
hotline.ua/computer-videokarty/palit-geforce-rtx-3070-gamerock-ne63070019p2-1040g/,Palit GeForce RTX 3070 GameRock (NE63070019P2-1040G),45 198
hotline.ua/computer-videokarty/sapphire-radeon-rx-570-4gd5-nitroplus-11266-14/,Sapphire Radeon RX 570 4GD5 NITRO+ (11266-14),5 692
hotline.ua/computer-videokarty/gigabyte-geforce-gtx-1650-d6-oc-low-profile-4g-gv-n1656oc-4gl/,GIGABYTE GeForce GTX 1650 D6 OC Low Profile 4G (GV-N1656OC-4GL),8 942
hotline.ua/computer-videokarty/gigabyte-geforce-gtx-1060-windforce-oc-3g-gv-n1060wf2oc-3gd/,GIGABYTE GeForce GTX 1060 WINDFORCE OC 3G (GV-N1060WF2OC-3GD),8 161
hotline.ua/computer-videokarty/asus-cerberus-gtx1050ti-o4g/,ASUS CERBERUS-GTX1050TI-O4G,7 285
hotline.ua/computer-videokarty/sapphire-radeon-rx-6900-xt-oc-16-gb-nitroplus-11308-01-20g/,Sapphire Radeon RX 6900 XT OC 16 GB NITRO+ (11308-01-20G),64 196
hotline.ua/computer-videokarty/msi-radeon-rx-580-armor-8g-oc/,MSI Radeon RX 580 ARMOR 8G OC,19 678
hotline.ua/computer-videokarty/asus-tuf-gtx1650s-o4g-gaming/,ASUS TUF-GTX1650S-O4G-GAMING,12 850
hotline.ua/computer-videokarty/asus-tuf-rtx3070-o8g-gaming/,ASUS TUF-RTX3070-O8G-GAMING,45 999
hotline.ua/computer-videokarty/gigabyte-geforce-rtx-3080-vision-oc-10g-gv-n3080vision-oc-10gd/,GIGABYTE GeForce RTX 3080 VISION OC 10G (GV-N3080VISION OC-10GD),76 120
hotline.ua/computer-videokarty/asus-ph-gtx1660s-o6g/,ASUS PH-GTX1660S-O6G,17 962
hotline.ua/computer-videokarty/asus-ph-gtx1050ti-4g/,ASUS PH-GTX1050TI-4G,7 472
hotline.ua/computer-videokarty/msi-geforce-gtx-1660-ti-ventus-xs-6g-oc/,MSI GeForce GTX 1660 Ti VENTUS XS 6G OC,18 560
hotline.ua/computer-videokarty/gigabyte-aorus-geforce-rtx-3070-master-8g-gv-n3070aorus-m-8gd/,GIGABYTE AORUS GeForce RTX 3070 MASTER 8G (GV-N3070AORUS M-8GD),48 149
hotline.ua/computer-videokarty/asus-tuf-gtx1650-o4gd6-p-gaming/,ASUS TUF-GTX1650-O4GD6-P-GAMING,8 824
hotline.ua/computer-videokarty/inno3d-geforce-rtx-3090-ichill-x4/,INNO3D GEFORCE RTX 3090 ICHILL X4 (C30904-246XX-1880VA36),97 891
hotline.ua/computer-videokarty/asus-ph-gt1030-o2g/,ASUS PH-GT1030-O2G,2 909
hotline.ua/computer-videokarty/zotac-gaming-geforce-gtx-1660-super-amp-zt-t16620d-10m/,Zotac GAMING GeForce GTX 1660 SUPER AMP (ZT-T16620D-10M),17 019
hotline.ua/computer-videokarty/gigabyte-geforce-rtx-3060-vision-oc-12g-gv-n3060vision-oc-12gd/,GIGABYTE GeForce RTX 3060 VISION OC 12G (GV-N3060VISION OC-12GD),35 117
hotline.ua/computer-videokarty/colorful-geforce-gtx-1050-ti-ne-4g-v/,Colorful GeForce GTX 1050 Ti NE 4G-V,5 996
hotline.ua/computer-videokarty/xfx-radeon-rx-570-rs-8gb-xxx-edition-rx-570p8dfd6/,XFX Radeon RX 570 RS 8GB XXX Edition (RX-570P8DFD6),16 250
hotline.ua/computer-videokarty/asus-dual-gtx1660-o6g-evo/,ASUS DUAL-GTX1660-O6G-EVO,16 466
hotline.ua/computer-videokarty/palit-geforce-gtx-1660-super-6gb-stormx-oc-ne6166ss18j9-161f/,Palit GeForce GTX 1660 Super 6GB StormX OC (NE6166SS18J9-161F),17 947
hotline.ua/computer-videokarty/inno3d-geforce-rtx-3080-ichill-x3-c30803-106xx-1810va37/,INNO3D GEFORCE RTX 3080 ICHILL X3 (C30803-106XX-1810VA37),77 431
hotline.ua/computer-videokarty/msi-geforce-gtx-1060-gaming-x-3g/,MSI GeForce GTX 1060 GAMING X 3G,6 480
hotline.ua/computer-videokarty/msi-geforce-rtx-3060-ventus-3x-12g-oc/,MSI GeForce RTX 3060 VENTUS 3X 12G OC,36 999
hotline.ua/computer-videokarty/msi-geforce-gtx-1070-gaming-x-8g/,MSI GeForce GTX 1070 GAMING X 8G,17 816
hotline.ua/computer-videokarty/palit-geforce-gtx-1060-dual-3gb-ne51060015f9-1061d/,Palit GeForce GTX 1060 Dual 3GB (NE51060015F9-1061D),6 630
hotline.ua/computer-videokarty/msi-geforce-gtx-1050-ti-4gt-oc/,MSI GeForce GTX 1050 TI 4GT OC,6 628
hotline.ua/computer-videokarty/msi-geforce-gtx-1060-3gt-oc/,MSI GeForce GTX 1060 3GT OC,6 150
hotline.ua/computer-videokarty/pny-geforce-rtx-3090-24gb-xlr8-gaming-revel-epic-x-rgb-triple-fan-edition-vcg309024tfxppb/,PNY GeForce RTX 3090 24GB XLR8 Gaming Revel Epic-X RGB Triple Fan Edition...,92 577
hotline.ua/computer-videokarty/msi-geforce-gtx-1070-ti-gaming-8g/,MSI GeForce GTX 1070 Ti GAMING 8G,19 434
hotline.ua/computer-videokarty/msi-geforce-gt-1030-aero-itx-2g-oc/,MSI GeForce GT 1030 AERO ITX 2G OC,2 700
hotline.ua/computer-videokarty/gainward-geforce-gtx-1660-super-pegasus-oc-471056224-1358/,Gainward GeForce GTX 1660 SUPER Pegasus OC (471056224-1358),18 049
hotline.ua/computer-videokarty/sapphire-radeon-rx-6800-xt-16-gb-nitroplus-11304-02-20g/,Sapphire Radeon RX 6800 XT 16 GB NITRO+ (11304-02-20G),50 662
hotline.ua/computer-videokarty/msi-radeon-rx-5600-xt-mech/,MSI Radeon RX 5600 XT MECH,25 110
hotline.ua/computer-videokarty/zotac-geforce-gtx-1660-super-zt-t16620f-10l/,Zotac GeForce GTX 1660 SUPER (ZT-T16620F-10L),18 969
hotline.ua/computer-videokarty/gigabyte-p104-100-4g-gv-np104d5x-4g/,GIGABYTE P104-100 4G (GV-NP104D5X-4G),15 333
hotline.ua/computer-videokarty/afox-geforce-gt-730-4-gb-af730-4096d3l6/,AFOX GeForce GT 730 4 GB (AF730-4096D3L6),2 252
hotline.ua/computer-videokarty/evga-geforce-rtx-2060-ko-ultra-gaming-06g-p4-2068-kr/,EVGA GeForce RTX 2060 KO ULTRA GAMING (06G-P4-2068-KR),21 524
hotline.ua/computer-videokarty/asus-dual-gtx1060-o3g/,ASUS DUAL-GTX1060-O3G,9 542
hotline.ua/computer-videokarty/kfa2-geforce-rtx-2080-super-ex-1-click-oc-28isl6mdu9ek/,KFA2 GeForce RTX 2080 Super EX 1-Click OC (28ISL6MDU9EK),32 999
hotline.ua/computer-videokarty/inno3d-geforce-rtx-3070-ichill-x4-c30704-08d6x-1710va35/,INNO3D GEFORCE RTX 3070 ICHILL X4 (C30704-08D6X-1710VA35),47 101
hotline.ua/computer-videokarty/gigabyte-geforce-gtx-1050-ti-d5-4g-gv-n105td5-4gd/,GIGABYTE GeForce GTX 1050 Ti D5 4G (GV-N105TD5-4GD),6 897
hotline.ua/computer-videokarty/gigabyte-geforce-gtx-1050-ti-oc-low-profile-4g-gv-n105toc-4gl/,GIGABYTE GeForce GTX 1050 Ti OC Low Profile 4G (GV-N105TOC-4GL),6 795
hotline.ua/computer-videokarty/palit-geforce-gtx-1650-gp-oc-ne61650s1bg1-1175a/,Palit GeForce GTX 1650 GP OC (NE61650S1BG1-1175A),9 999
hotline.ua/computer-videokarty/gigabyte-geforce-rtx-2060-gaming-oc-pro-6g-gv-n2060gamingoc-pro-6gd/,GIGABYTE GeForce RTX 2060 GAMING OC PRO 6G (GV-N2060GAMINGOC PRO-6GD),22 983
hotline.ua/computer-videokarty/powercolor-red-dragon-radeon-rx-5700-xt-axrx-5700xt-8gbd6-3dhroc/,PowerColor Red Dragon Radeon RX 5700 XT (AXRX 5700 XT 8GBD6-3DHR/OC),37 499
hotline.ua/computer-videokarty/gainward-geforce-gtx-1660-super-ghost-471056224-1402/,Gainward GeForce GTX 1660 SUPER Ghost (471056224-1402),18 111
hotline.ua/computer-videokarty/gigabyte-geforce-gtx-1050-ti-oc-4g-gv-n105toc-4gd/,GIGABYTE GeForce GTX 1050 Ti OC 4G (GV-N105TOC-4GD),7 190
hotline.ua/computer-videokarty/msi-geforce-rtx-3070-suprim-x-8g/,MSI GeForce RTX 3070 SUPRIM X 8G,47 517
hotline.ua/computer-videokarty/msi-geforce-gt-1030-2gh-lp-oc/,MSI GeForce GT 1030 2GH LP OC,2 677
hotline.ua/computer-videokarty/msi-radeon-rx-470-armor-4g/,MSI Radeon RX 470 ARMOR 4G,7 861
hotline.ua/computer-videokarty/asus-tuf-3-rx5600xt-t6g-evo-gaming/,ASUS TUF 3-RX5600XT-T6G-EVO-GAMING,33 729
hotline.ua/computer-videokarty/amd-radeon-hd-7470-1-gb-64-bit-ddr3-ouga9/,AMD Radeon HD 7470 1 GB 64-bit DDR3 (OUGA9),464
hotline.ua/computer-videokarty/asus-ph-gtx1060-3g/,ASUS PH-GTX1060-3G,6 248
hotline.ua/computer-videokarty/inno3d-geforce-gtx-1660-super-twin-x2-n166s2-06d6-1712va15l/,INNO3D GeForce GTX 1660 SUPER Twin X2 (N166S2-06D6-1712VA15L),17 977
hotline.ua/computer-videokarty/pny-geforce-gtx-1660-super-6gb-single-fan-vcg16606ssfppb/,PNY GeForce GTX 1660 SUPER 6GB Single Fan (VCG16606SSFPPB),17 945
hotline.ua/computer-videokarty/asus-dual-rx5700xt-o8g-evo/,ASUS DUAL-RX5700XT-O8G-EVO,42 142
hotline.ua/computer-videokarty/gigabyte-geforce-gtx-1650-d6-windforce-oc-4g-gv-n1656wf2oc-4gd/,GIGABYTE GeForce GTX 1650 D6 WINDFORCE OC 4G (GV-N1656WF2OC-4GD),9 216
hotline.ua/computer-videokarty/msi-geforce-gtx-1060-armor-3g-ocv1/,MSI GeForce GTX 1060 ARMOR 3G OCV1,6 267
hotline.ua/computer-videokarty/asus-rog-strix-lc-rx6900xt-o16g-gaming/,ASUS ROG-STRIX-LC-RX6900XT-O16G-GAMING,63 307
hotline.ua/computer-videokarty/gainward-geforce-rtx-3080-phantom-gs-ned3080h19ia-1020p/,Gainward GeForce RTX 3080 Phantom GS (NED3080H19IA-1020P/471056224-2140),79 999
hotline.ua/computer-videokarty/asus-rog-strix-rx5500xt-o8g-gaming/,ASUS ROG-STRIX-RX5500XT-O8G-GAMING,17 699
hotline.ua/computer-videokarty/gigabyte-geforce-gtx-1050-d5-2g-gv-n1050d5-2gd/,GIGABYTE GeForce GTX 1050 D5 2G (GV-N1050D5-2GD),4 233
hotline.ua/computer-videokarty/msi-geforce-gtx-1050-ti-aero-itx-4g-ocv1/,MSI GeForce GTX 1050 Ti Aero ITX 4G OCV1,6 587
hotline.ua/computer-videokarty/msi-geforce-gtx-1650-gaming-4g/,MSI GeForce GTX 1650 GAMING 4G,13 413
hotline.ua/computer-videokarty/hp-quadro-p2200-6yt67aa/,HP Quadro P2200 (6YT67AA),14 785
hotline.ua/computer-videokarty/gigabyte-gt-1030-oc-2g-gv-n1030oc-2gi/,GIGABYTE GT 1030 OC 2G (GV-N1030OC-2GI),2 867
hotline.ua/computer-videokarty/palit-geforce-gtx-1650-kalmx-ne5165001bg1-1170h/,Palit GeForce GTX 1650 KalmX (NE5165001BG1-1170H),7 557
hotline.ua/computer-videokarty/sapphire-radeon-rx-6800-16-gb-pulse-11305-02-20g/,Sapphire Radeon RX 6800 16 GB PULSE (11305-02-20G),47 311
hotline.ua/computer-videokarty/sapphire-radeon-rx-6800-xt-se-16-gb-nitroplus-11304-01-20g/,Sapphire Radeon RX 6800 XT SE 16 GB NITRO+ (11304-01-20G),50 452
hotline.ua/computer-videokarty/asus-tuf-gtx1660s-o6g-gaming/,ASUS TUF-GTX1660S-O6G-GAMING,19 620
hotline.ua/computer-videokarty/msi-geforce-rtx-3080-suprim-10g/,MSI GeForce RTX 3080 SUPRIM 10G,90 329
hotline.ua/computer-videokarty/zotac-geforce-gtx-1080-mini-zt-p10800h-10p/,Zotac GeForce GTX 1080 Mini (ZT-P10800H-10P),19 498
hotline.ua/computer-videokarty/msi-geforce-rtx-3080-suprim-10g/,MSI GeForce RTX 3080 SUPRIM 10G,90 329
hotline.ua/computer-videokarty/zotac-geforce-gtx-1080-mini-zt-p10800h-10p/,Zotac GeForce GTX 1080 Mini (ZT-P10800H-10P),19 498
hotline.ua/computer-videokarty/gigabyte-gt-1030-low-profile-2g-gv-n1030d5-2gl/,GIGABYTE GT 1030 Low Profile 2G (GV-N1030D5-2GL),2 738
hotline.ua/computer-videokarty/gigabyte-geforce-rtx-3070-eagle-oc-8g-gv-n3070eagle-oc-8gd/,GIGABYTE GeForce RTX 3070 EAGLE OC 8G (GV-N3070EAGLE OC-8GD),44 499
hotline.ua/computer-videokarty/afox-radeon-r5-220-2-gb-afr5220-2048d3l5/,AFOX Radeon R5 220 2 GB (AFR5220-2048D3L5),965
hotline.ua/computer-videokarty/evga-geforce-gtx-1050-ti-ssc-gaming-acx-30-04g-p4-6255-kr/,EVGA GeForce GTX 1050 Ti SSC GAMING ACX 3.0 (04G-P4-6255-KR),6 210
hotline.ua/computer-videokarty/gigabyte-gv-n710d5-2gl/,GIGABYTE GV-N710D5-2GL,1 730
hotline.ua/computer-videokarty/amd-radeon-r5-340-2gbb-64bit-ddr3-7122107700g-701b5f/,AMD Radeon R5 340 2GBb 64bit DDR3 (7122107700G 701B5F),893
hotline.ua/computer-videokarty/powercolor-radeon-rx-6800-16-gb-red-dragon-axrx-6800-16gbd6-3dhroc/,PowerColor Radeon RX 6800 16 GB Red Dragon (AXRX 6800 16GBD6-3DHR/OC),48 492
hotline.ua/computer-videokarty/asus-dual-rtx2060-o6g-evo/,ASUS DUAL-RTX2060-O6G-EVO,32 419
hotline.ua/computer-videokarty/sapphire-rx-5500-xt-4g-gddr6-pulse-11295-03/,Sapphire RX 5500 XT 4G GDDR6 PULSE (11295-03),10 859
hotline.ua/computer-videokarty/msi-geforce-rtx-3080-suprim-x-10g/,MSI GeForce RTX 3080 SUPRIM X 10G,88 349
hotline.ua/computer-videokarty/gigabyte-geforce-gtx-1050-windforce-oc-2g-gv-n1050wf2oc-2gd/,GIGABYTE GeForce GTX 1050 Windforce OC 2G (GV-N1050WF2OC-2GD),4 406
hotline.ua/computer-videokarty/gigabyte-geforce-gtx-1050-ti-g1-gaming-4g-gv-n105tg1-gaming-4gd/,GIGABYTE GeForce GTX 1050 Ti G1 Gaming 4G (GV-N105TG1 GAMING-4GD),6 372
hotline.ua/computer-videokarty/gigabyte-geforce-gt730-gv-n730d5-2gi/,GIGABYTE GeForce GT730 GV-N730D5-2GI,2 344
hotline.ua/computer-videokarty/palit-geforce-rtx-3070-jetstream-oc-ne63070t19p2-1040j/,Palit GeForce RTX 3070 JetStream OC (NE63070T19P2-1040J),50 999
hotline.ua/computer-videokarty/pny-quadro-rtx-6000-vcqrtx6000-edu-pb/,PNY Quadro RTX 6000 (VCQRTX6000-EDU-PB),165 576
hotline.ua/computer-videokarty/geforce-rtx-3070-phantom-gs-ne63070t19p2-1040p/,"Gainward GeForce RTX 3070 Phantom ""GS"" (NE63070T19P2-1040P)",50 499
hotline.ua/computer-videokarty/asus-dual-rtx3070-o8g/,ASUS DUAL-RTX3070-O8G,47 748
hotline.ua/computer-videokarty/inno3d-geforce-rtx-3090-ichill-x3/,INNO3D GEFORCE RTX 3090 ICHILL X3 (C30903-246XX-1880VA37),104 999
hotline.ua/computer-videokarty/msi-geforce-gt-710-gt-710-1gd3h-lp/,MSI GeForce GT 710 (GT 710 1GD3H LP),1 319
hotline.ua/computer-videokarty/gigabyte-geforce-gtx-1050-oc-low-profile-2g-gv-n1050oc-2gl/,GIGABYTE GeForce GTX 1050 OC Low Profile 2G (GV-N1050OC-2GL),4 253
hotline.ua/computer-videokarty/gigabyte-gv-n710d5-2gil/,GIGABYTE GV-N710D5-2GIL,1 793
hotline.ua/computer-videokarty/asus-arez-dual-rx580-o8g/,ASUS AREZ-DUAL-RX580-O8G,19 000
hotline.ua/computer-videokarty/gaming-geforce-rtx-3070-amp-holo-zt-a30700f-10p/,Zotac GAMING GeForce RTX 3070 AMP Holo (ZT-A30700F-10P),45 581
hotline.ua/computer-videokarty/asus-ph-gtx1660-o6g/,ASUS PH-GTX1660-O6G,15 807
hotline.ua/computer-videokarty/gigabyte-gv-n710d5-1gl/,GIGABYTE GV-N710D5-1GL,1 268
hotline.ua/computer-videokarty/msi-geforce-gt-710-gt-710-2gd3h-lp/,MSI GeForce GT 710 (GT 710 2GD3H LP),1 627
hotline.ua/computer-videokarty/zotac-geforce-gtx-1050-ti-mini-zt-p10510a-10l/,Zotac GeForce GTX 1050 Ti Mini (ZT-P10510A-10L),6 422
hotline.ua/computer-videokarty/asus-gt1030-2g-brk/,ASUS GT1030-2G-BRK,2 715
hotline.ua/computer-videokarty/amd-radeon-r7-240-64bit-ddr3-1322-00u8000/,AMD Radeon R7 240 64bit DDR3 (1322-00U8000),501
hotline.ua/computer-videokarty/afox-geforce-gtx-1050-ti-v2-af1050ti-4096d5h2/,AFOX GeForce GTX 1050 Ti V2 (AF1050TI-4096D5H2),7 776
hotline.ua/computer-videokarty/zotac-gaming-geforce-rtx-3070-twin-edge-oc-zt-a30700h-10p/,Zotac GAMING GeForce RTX 3070 Twin Edge OC (ZT-A30700H-10P),44 881
hotline.ua/computer-videokarty/zotac-gaming-geforce-rtx-3080-amp-holo-zt-a30800f-10p/,Zotac GAMING GeForce RTX 3080 AMP Holo (ZT-A30800F-10P),73 377
hotline.ua/computer-videokarty/asus-gt710-sl-1gd5-brk/,ASUS GT710-SL-1GD5-BRK,1 385
hotline.ua/computer-videokarty/asus-ph-rtx2060-6g/,ASUS PH-RTX2060-6G,17 999
hotline.ua/computer-videokarty/colorful-geforce-gtx-960-4gb-icafe-v3-gtx960-4gd5-v3/,Colorful GeForce GTX 960 4GB iCafe V3 (GTX960-4GD5-V3),6 125
hotline.ua/computer-videokarty/asus-dual-gtx1660s-a6g-evo/,ASUS DUAL-GTX1660S-A6G-EVO,18 525
hotline.ua/computer-videokarty/hp-nvidia-quadro-p2000-1me41aa/,HP NVIDIA Quadro P2000 (1ME41AA),12 375
hotline.ua/computer-videokarty/inno3d-geforce-gt-1030-0db-n1030-1sdv-e5bl/,INNO3D GeForce GT 1030 0dB (N1030-1SDV-E5BL),2 521
hotline.ua/computer-videokarty/powercolor-radeon-rx-6800-xt-16-gb-red-dragon-axrx-6800xt-16gbd6-3dhroc/,PowerColor Radeon RX 6800 XT 16 GB Red Dragon (AXRX 6800XT 16GBD6-3DHR/OC),53 065
hotline.ua/computer-videokarty/msi-geforce-rtx-3070-suprim-8g/,MSI GeForce RTX 3070 SUPRIM 8G,48 999
hotline.ua/computer-videokarty/afox-geforce-gt-730-2-gb-af730-2048d3l7/,AFOX GeForce GT 730 2 GB (AF730-2048D3L7),1 798
hotline.ua/computer-videokarty/msi-geforce-gtx-1050-ti-4gt-lp/,MSI GeForce GTX 1050 TI 4GT LP,7 386
hotline.ua/computer-videokarty/gainward-geforce-rtx-3070-phantom-ne63070019p2-1040p/,Gainward GeForce RTX 3070 Phantom (NE63070019P2-1040P/471056224-2171),44 640
hotline.ua/computer-videokarty/gigabyte-radeon-rx-5500-xt-d6-8g-gv-r55xtd6-8gd/,GIGABYTE Radeon RX 5500 XT D6 8G (GV-R55XTD6-8GD),20 836
hotline.ua/computer-videokarty/gigabyte-geforce-gtx-1050-oc-2g-gv-n1050oc-2gd/,GIGABYTE GeForce GTX 1050 OC 2G (GV-N1050OC-2GD),4 435
hotline.ua/computer-videokarty/inno3d-geforce-gtx-1050-ti-twin-x2-n105t-1ddv-m5cm/,INNO3D GeForce GTX 1050 Ti Twin X2 (N105T-1DDV-M5CM),6 997
hotline.ua/computer-videokarty/gainward-geforce-rtx-3070-phantom-ne63070019p2-1040p/,Gainward GeForce RTX 3070 Phantom (NE63070019P2-1040P/471056224-2171),44 640
hotline.ua/computer-videokarty/gigabyte-radeon-rx-5500-xt-d6-8g-gv-r55xtd6-8gd/,GIGABYTE Radeon RX 5500 XT D6 8G (GV-R55XTD6-8GD),20 836
hotline.ua/computer-videokarty/afox-geforce-gt-220-1-gb-af220-1024d3l2/,AFOX GeForce GT 220 1 GB (AF220-1024D3L2),1 021
hotline.ua/computer-videokarty/asus-ex-gtx1050ti-o4g/,ASUS EX-GTX1050TI-O4G,6 292
hotline.ua/computer-videokarty/afox-geforce-g210-1gb-af210-1024d2lg2-v7/,AFOX GeForce G210 1GB (AF210-1024D2LG2-V7),951
hotline.ua/computer-videokarty/asus-gt1030-sl-2g-brk/,ASUS GT1030-SL-2G-BRK,2 742
hotline.ua/computer-videokarty/asus-rog-strix-rx5700xt-o8g-gaming/,ASUS ROG-STRIX-RX5700XT-O8G-GAMING,42 445
hotline.ua/computer-videokarty/pny-quadro-rtx-4000-vcqrtx4000-pb/,PNY Quadro RTX 4000 (VCQRTX4000-PB),32 504
hotline.ua/computer-videokarty/asus-gt710-4h-sl-2gd5/,ASUS GT710-4H-SL-2GD5,1 843
hotline.ua/computer-videokarty/gigabyte-gv-n730d5-2gl/,GIGABYTE GV-N730D5-2GL,2 289
hotline.ua/computer-videokarty/msi-geforce-gtx-1650-super-ventus-xs-oc/,MSI GeForce GTX 1650 SUPER VENTUS XS OC,18 550
hotline.ua/computer-videokarty/amd-radeon-hd-8490-1-gb-ddr3-71219811h0g/,AMD Radeon HD 8490 1 GB DDR3 (71219811H0G),458
hotline.ua/computer-videokarty/gigabyte-geforce-gt-710-gv-n710d3-2gl/,GIGABYTE GeForce GT 710 (GV-N710D3-2GL),1 636
hotline.ua/computer-videokarty/palit-geforce-gtx-1050-stormx-ne5105001841-1070f/,Palit GeForce GTX 1050 StormX (NE5105001841-1070F),4 351
hotline.ua/computer-videokarty/asus-cerberus-gtx1050ti-a4g/,ASUS CERBERUS-GTX1050TI-A4G,7 770
hotline.ua/computer-videokarty/pny-quadro-rtx-4000-vcqrtx4000-bsp/,PNY Quadro RTX 4000 (VCQRTX4000-BSP),30 474
hotline.ua/computer-videokarty/asus-rtx3070-8g-ek/,ASUS RTX3070-8G-EK,46 999
hotline.ua/computer-videokarty/gigabyte-geforce-gtx-1660-super-mini-itx-oc-6g-gv-n166sixoc-6gd/,GIGABYTE GeForce GTX 1660 SUPER MINI ITX OC 6G (GV-N166SIXOC-6GD),17 767
hotline.ua/computer-videokarty/asus-strix-gtx980-dc2-4gd5/,ASUS STRIX-GTX980-DC2-4GD5,8 454
hotline.ua/computer-videokarty/gigabyte-geforce-gt730-gv-n730d5oc-1gi/,GIGABYTE GeForce GT730 GV-N730D5OC-1GI,1 502
hotline.ua/computer-videokarty/zotac-gaming-geforce-gtx-1650-amp-zt-t16520d-10l/,Zotac GAMING GeForce GTX 1650 AMP (ZT-T16520D-10L),8 999
hotline.ua/computer-videokarty/msi-geforce-gtx-1650-gaming-x-4g/,MSI GeForce GTX 1650 GAMING X 4G,13 999
hotline.ua/computer-videokarty/afox-geforce-gt-710-2-gb-af710-2048d3l7/,AFOX GeForce GT 710 2 GB (AF710-2048D3L7),1 415
hotline.ua/computer-videokarty/manli-geforce-5500-128-mb-md55cdat/,Manli GeForce 5500 128 MB (MD55CDAT),558
hotline.ua/computer-videokarty/manli-geforce-5500-128-mb-md55cdat/,Manli GeForce 5500 128 MB (MD55CDAT),558
hotline.ua/computer-videokarty/afox-geforce-gt-710-2-gb-af710-2048d3l5-v3/,AFOX GeForce GT 710 2 GB (AF710-2048D3L5-V3),1 645
hotline.ua/computer-videokarty/hp-nvidia-quadro-p620-3me25aa/,HP NVIDIA Quadro P620 (3ME25AA),8 155
hotline.ua/computer-videokarty/hp-quadro-rtx-4000-5jv89aa/,HP Quadro RTX 4000 (5JV89AA),34 893
hotline.ua/computer-videokarty/gigabyte-geforce-gtx980-gv-n980wf3oc-4gd/,GIGABYTE GeForce GTX980 GV-N980WF3OC-4GD,8 091
hotline.ua/computer-videokarty/hp-quadro-p400-graphics-1me43aa/,HP Quadro P400 Graphics (1ME43AA),3 491
hotline.ua/computer-videokarty/afox-radeon-r5-220-2-gb-afr5220-2048d3l4/,AFOX Radeon R5 220 2 GB (AFR5220-2048D3L4),923
hotline.ua/computer-videokarty/pny-quadro-rtx-5000-vcqrtx5000-bsp/,PNY Quadro RTX 5000 (VCQRTX5000-BSP),79 208
hotline.ua/computer-videokarty/palit-geforce-gt-730-2048mb-gddr5-ne5t7300hd46-2087f/,Palit GeForce GT 730 2048MB GDDR5 (NE5T7300HD46-2087F),2 575
hotline.ua/computer-videokarty/afox-geforce-gt-730-2gb-af730-2048d3l6/,AFOX GeForce GT 730 2GB (AF730-2048D3L6),2 159
hotline.ua/computer-videokarty/nvidia-quadro-k5000-4gb-c2j95aa/,HP Quadro K5000 4GB (C2J95AA),36 852
hotline.ua/computer-videokarty/afox-geforce-gt-1030-af1030-2048d5l5/,AFOX GeForce GT 1030 (AF1030-2048D5L5),2 819
hotline.ua/computer-videokarty/asus-gt710-sl-2gd5/,ASUS GT710-SL-2GD5,1 769
hotline.ua/computer-videokarty/asus-r7240-2gd5-l/,ASUS R7240-2GD5-L,2 700
hotline.ua/computer-videokarty/afox-geforce-gt-610-2-gb-af610-2048d3l7-v6/,AFOX GeForce GT 610 2 GB (AF610-2048D3L7-V6),1 196
hotline.ua/computer-videokarty/afox-geforce-gt-710-1gb-af710-1024d3l8-v2/,AFOX GeForce GT 710 1Gb (AF710-1024D3L8-V2),1 050
hotline.ua/computer-videokarty/palit-geforce-gtx-1050-ti-dual-oc-ne5105ts18g1-1071d/,Palit GeForce GTX 1050 Ti Dual OC (NE5105TS18G1-1071D),5 994
hotline.ua/computer-videokarty/colorful-geforce-gt-710-2gb-gt-710-2gd3-v/,Colorful GeForce GT 710 2GB (GT710-2GD3-V),1 317
hotline.ua/computer-videokarty/msi-geforce-gt-710-h2d-2gb-gt-710-2gd3h-h2d/,MSI GeForce GT 710 H2D 2GB (GT 710 2GD3H H2D),1 650
hotline.ua/computer-videokarty/asus-gt710-sl-2gd5-brk/,ASUS GT710-SL-2GD5-BRK,1 831
hotline.ua/computer-videokarty/hp-quadro-rtx-5000-5jh81aa/,HP Quadro RTX 5000 (5JH81AA),72 250
hotline.ua/computer-videokarty/afox-radeon-r5-230-2-gb-afr5230-2048d3l9-v2/,AFOX Radeon R5 230 2 GB (AFR5230-2048D3L9-V2),1 298
hotline.ua/computer-videokarty/asus-rog-strix-rtx3060-o12g-gaming/,ASUS ROG-STRIX-RTX3060-O12G-GAMING,38 499
hotline.ua/computer-videokarty/hp-radeon-pro-wx-4100-z0b15aa/,HP Radeon Pro WX 4100 (Z0B15AA),20 845
hotline.ua/computer-videokarty/msi-geforce-gt-730-n730k-2gd3hlp/,MSI GeForce GT 730 N730K-2GD3H/LP,2 200
hotline.ua/computer-videokarty/asus-tuf-gtx1660-o6g-gaming/,ASUS TUF-GTX1660-O6G-GAMING,16 709
hotline.ua/computer-videokarty/afox-geforce-g210-1-gb-af210-1024d3l5-v2/,AFOX GeForce G210 1 GB (AF210-1024D3L5-V2),1 031
hotline.ua/computer-videokarty/afox-radeon-r5-230-2-gb-afr5230-2048d3l4/,AFOX Radeon R5 230 2 GB (AFR5230-2048D3L4),1 083
hotline.ua/computer-videokarty/his_hd5450_silence_1gb_h545hr1g/,HIS HD5450 Silence 1GB H545HR1G,1 086
hotline.ua/computer-videokarty/pny-quadro-k420-vcqk420-2gb-pb/,PNY Quadro K420 (VCQK420-2GB-PB),3 735
hotline.ua/computer-videokarty/pny-quadro-rtx-5000-vcqrtx5000-pb/,PNY Quadro RTX 5000 (VCQRTX5000-PB),80 138
hotline.ua/computer-videokarty/afox-radeon-hd-6450-2-gb-af6450-2048d3l9-v2/,AFOX Radeon HD 6450 2 GB (AF6450-2048D3L9-V2),1 298
hotline.ua/computer-videokarty/matrox-m9148-m9148-e1024laf/,Matrox M9148 (M9148-E1024LAF),20 571
hotline.ua/computer-videokarty/gainward-geforce-rtx3070-phoenix-471056224-1990/,Gainward GeForce RTX3070 Phoenix (471056224-1990),48 385
hotline.ua/computer-videokarty/gigabyte-gv-n210d3-1gi/,GIGABYTE GV-N210D3-1GI,1 387
hotline.ua/computer-videokarty/nvidia-quadro-k2200-j3g88aa/,HP Quadro K2200 (J3G88AA),13 028
hotline.ua/computer-videokarty/hp-nvidia-quadro-p1000-1me01aa/,HP NVIDIA Quadro P1000 (1ME01AA),12 555
hotline.ua/computer-videokarty/asus-gt610-sl-1gd3-l/,ASUS GT610-SL-1GD3-L,5 651
hotline.ua/computer-videokarty/gigabyte-geforce-gt730-gv-n730-2gi/,GIGABYTE GeForce GT730 GV-N730-2GI,2 925
hotline.ua/computer-videokarty/asus_eah5450_silentdi1gd3lp/,ASUS EAH5450 SILENT/DI/1GD3(LP),4 535
hotline.ua/computer-videokarty/hp-quadro-m4000-m6v52aa/,HP Quadro M4000 (M6V52AA),44 838
hotline.ua/computer-videokarty/zotac-geforce-gtx-1060-3gb-amp-edition-zt-p10610e-10m/,Zotac GeForce GTX 1060 3GB AMP! Edition (ZT-P10610E-10M),5 880
hotline.ua/computer-videokarty/asus-dual-gtx1650-o4g/,ASUS DUAL-GTX1650-O4G,11 144
hotline.ua/computer-videokarty/dell-quadro-rtx-4000-490-bfcy/,Dell Quadro RTX 4000 (490-BFCY),31 637
hotline.ua/computer-videokarty/palit-geforce-gtx-1060-super-jetstream-ne51060s15j9-1060j/,Palit GeForce GTX 1060 Super JetStream (NE51060S15J9-1060J),11 175
hotline.ua/computer-videokarty/msi-geforce-gt-1030-2g-lp-oc/,MSI GeForce GT 1030 2G LP OC,2 822
hotline.ua/computer-videokarty/nvidia-nvs-510-2-gb-gfx-c2j98aa/,HP NVS 510 2 GB GFX (C2J98AA),14 551
hotline.ua/computer-videokarty/zotac-geforce-gt-710-zt-71302-20l/,Zotac GeForce GT 710 (ZT-71302-20L),1 399
hotline.ua/computer-videokarty/asus-210-1gd3-l/,ASUS 210-1GD3-L,1 070
hotline.ua/computer-videokarty/inno3d-geforce-gt-710-n710-1sdv-d3bx/,INNO3D GeForce GT 710 (N710-1SDV-D3BX),1 265
hotline.ua/computer-videokarty/afox-geforce-g210-1-gb-af210-1024d2lg2/,AFOX GeForce G210 1 GB (AF210-1024D2LG2),902
hotline.ua/computer-videokarty/palit-geforce-gtx-1060-super-jetstream-ne51060s15j9-1060j/,Palit GeForce GTX 1060 Super JetStream (NE51060S15J9-1060J),11 175
hotline.ua/computer-videokarty/msi-geforce-gt-1030-2g-lp-oc/,MSI GeForce GT 1030 2G LP OC,2 822
hotline.ua/computer-videokarty/nvidia-nvs-510-2-gb-gfx-c2j98aa/,HP NVS 510 2 GB GFX (C2J98AA),14 551
hotline.ua/computer-videokarty/zotac-geforce-gt-710-zt-71302-20l/,Zotac GeForce GT 710 (ZT-71302-20L),1 399
hotline.ua/computer-videokarty/nvidia-quadro-k4000-3gb-c2j94aa/,HP Quadro K4000 3GB (C2J94AA),40 540
hotline.ua/computer-videokarty/asus-mining-p104-4g/,ASUS MINING-P104-4G,4 046
hotline.ua/computer-videokarty/dell-quadro-rtx-5000-490-bfdb/,Dell Quadro RTX 5000 (490-BFDB),55 499
hotline.ua/computer-videokarty/msi-geforce-rtx-3060-ventus-2x-12g-oc/,MSI GeForce RTX 3060 VENTUS 2X 12G OC,38 211
hotline.ua/computer-videokarty/inno3d-geforce-gt730-1-gb-n730-1sdv-d3bx/,INNO3D GeForce GT730 1 GB (N730-1SDV-D3BX),2 036
hotline.ua/computer-videokarty/asus-gt710-sl-1gd5/,ASUS GT710-SL-1GD5,1 405
hotline.ua/computer-videokarty/asus-gt730-sl-2g-brk-v2/,ASUS GT730-SL-2G-BRK-V2,1 999
hotline.ua/computer-videokarty/dell-quadro-p6000-490-bdpe/,Dell Quadro P6000 (490-BDPE),88 657
hotline.ua/computer-videokarty/afox-af610-2048d3l7/,AFOX GeForce GT 610 1 GB (AF610-2048D3L7),1 150
hotline.ua/computer-videokarty/gigabyte-gv-n710d5sl-2gl/,GIGABYTE GV-N710D5SL-2GL,1 767
hotline.ua/computer-videokarty/msi-gt-710-2gd3-lp/,MSI GT 710 2GD3 LP,1 975
hotline.ua/computer-videokarty/inno3d-geforce-gt730-1-gb-n730-1sdv-e3bx/,INNO3D GeForce GT730 2 GB (N730-1SDV-E3BX),2 145
hotline.ua/computer-videokarty/afox-radeon-hd-5450-2-gb-af5450-2048d3l5/,AFOX Radeon HD 5450 2 GB (AF5450-2048D3L5),1 151
hotline.ua/computer-videokarty/palit-geforce-gt-710-neat7100hd46/,Palit GeForce GT 710 (NEAT7100HD46),1 514
hotline.ua/computer-videokarty/msi-gt-710-1gd3-lp/,MSI GT 710 1GD3 LP,1 600
hotline.ua/computer-videokarty/msi-radeon-rx-570-armor-4g/,MSI Radeon RX 570 ARMOR 4G,10 184
hotline.ua/computer-videokarty/asus-tuf-rx6800-o16g-gaming/,ASUS TUF-RX6800-O16G-GAMING,42 399
hotline.ua/computer-videokarty/gigabyte-radeon-rx-570-4g-aorus-gv-rx570aorus-4gd/,GIGABYTE Radeon RX 570 4G AORUS (GV-RX570AORUS-4GD),11 211
hotline.ua/computer-videokarty/sapphire-radeon-rx-570-4gd5-pulse-itx-11266-34/,Sapphire Radeon RX 570 4GD5 PULSE ITX (11266-34),4 429
hotline.ua/computer-videokarty/afox-geforce-g210-1-gb-af210-1024d3l5/,AFOX GeForce G210 1 GB (AF210-1024D3L5),1 023
hotline.ua/computer-videokarty/msi-radeon-rx-5700-xt-mech-oc/,MSI Radeon RX 5700 XT MECH OC,29 455
hotline.ua/computer-videokarty/gigabyte-gv-n210d3-1gi-v60/,GIGABYTE GV-N210D3-1GI V6.0,1 431
hotline.ua/computer-videokarty/pny-quadro-p400-vcqp400dviv2-pb/,PNY Quadro P400 (VCQP400DVIV2-PB),4 262
hotline.ua/computer-videokarty/asus-r5230-sl-1gd3-l/,ASUS R5230-SL-1GD3-L,1 596
hotline.ua/computer-videokarty/gainward-gt730-2-gb-426018336-3224/,Gainward GT730 2 GB (426018336-3224),1 817
hotline.ua/computer-videokarty/gigabyte-geforce-gt-710-gv-n710d3-1gl/,GIGABYTE GeForce GT 710 (GV-N710D3-1GL),1 269
hotline.ua/computer-videokarty/inno3d-geforce-gt-710-n710-1sdv-e3bx/,INNO3D GeForce GT 710 (N710-1SDV-E3BX),1 613
hotline.ua/computer-videokarty/dell-quadro-p400-490-bdtb/,Dell Quadro P400 (490-BDTB),3 691
hotline.ua/computer-videokarty/asus-210-sl-1gd3-brk/,ASUS 210-SL-1GD3-BRK,4 974
hotline.ua/computer-videokarty/gigabyte-gv-n710d5-1gi/,GIGABYTE GV-N710D5-1GI,1 473
hotline.ua/computer-videokarty/asus-tuf-rx6800-o16g-gaming/,ASUS TUF-RX6800-O16G-GAMING,42 399
hotline.ua/computer-videokarty/palit-geforce-gt-710-neat7100hd46/,Palit GeForce GT 710 (NEAT7100HD46),1 514
hotline.ua/computer-videokarty/msi-gt-710-1gd3-lp/,MSI GT 710 1GD3 LP,1 600
hotline.ua/computer-videokarty/msi-radeon-rx-570-armor-4g/,MSI Radeon RX 570 ARMOR 4G,10 184
