name,price,link
"MSI GeForce RTX 3080 GAMING X TRIO 10G
",79 999,hotline.ua/computer-videokarty/msi-geforce-rtx-3080-gaming-x-trio-10g/
"GIGABYTE GeForce RTX 3070 GAMING OC 8G (GV-N3070GAMING OC-8GD)
",45 394,hotline.ua/computer-videokarty/gigabyte-geforce-rtx-3070-gaming-oc-8g-gv-n3070gaming-oc-8gd/
"Palit GeForce GTX 1660 Super GamingPro OC (NE6166SS18J9-1160A)
",19 234,hotline.ua/computer-videokarty/palit-geforce-gtx-1660-super-gamingpro-oc-ne6166ss18j9-1160a/
"GIGABYTE GeForce GTX 1660 Super 6GB OC (GV-N166SOC-6GD)
",23 519,hotline.ua/computer-videokarty/gigabyte-geforce-gtx-1660-super-6gb-oc-gv-n166soc-6gd/
"MSI GeForce RTX 3070 GAMING X TRIO
",46 921,hotline.ua/computer-videokarty/msi-geforce-rtx-3070-gaming-x-trio/
"MSI GeForce GTX 1660 SUPER VENTUS XS OC
",18 523,hotline.ua/computer-videokarty/msi-geforce-gtx-1660-super-ventus-xs-oc/
"GIGABYTE Radeon RX 580 Gaming 8G (GV-RX580GAMING-8GD)
",13 999,hotline.ua/computer-videokarty/gigabyte-radeon-rx-580-gaming-8g-gv-rx580gaming-8gd/
"GIGABYTE GeForce GTX 1660 Ti OC 6G (GV-N166TOC-6GD)
",19 300,hotline.ua/computer-videokarty/gigabyte-geforce-gtx-1660-ti-oc-6g-gv-n166toc-6gd/
"MSI GeForce RTX 3070 VENTUS 2X OC
",45 457,hotline.ua/computer-videokarty/msi-geforce-rtx-3070-ventus-2x-oc/
"ASUS ROG-STRIX-RX570-O4G-GAMING
",15 015,hotline.ua/computer-videokarty/asus-rog-strix-rx570-o4g-gaming/
"MSI GeForce RTX 3070 VENTUS 3X OC
",44 994,hotline.ua/computer-videokarty/msi-geforce-rtx-3070-ventus-3x-oc/
"GIGABYTE GeForce RTX 2060 OC 6G (GV-N2060OC-6GD)
",25 793,hotline.ua/computer-videokarty/gigabyte-geforce-rtx-2060-oc-6g-gv-n2060oc-6gd/
"MSI Radeon RX 580 ARMOR 8G OC
",19 325,hotline.ua/computer-videokarty/msi-radeon-rx-580-armor-8g-oc/
"MSI GeForce GTX 1660 VENTUS XS 6G OC
",16 120,hotline.ua/computer-videokarty/msi-geforce-gtx-1660-ventus-xs-6g-oc/
"MSI Radeon RX 550 2GT LP OC
",2 799,hotline.ua/computer-videokarty/msi-radeon-rx-550-2gt-lp-oc/
"GIGABYTE Radeon RX 580 Gaming 4G (GV-RX580GAMING-4GD)
",7 999,hotline.ua/computer-videokarty/gigabyte-radeon-rx-580-gaming-4g-gv-rx580gaming-4gd/
"GIGABYTE GeForce RTX 3070 VISION OC 8G (GV-N3070VISION OC-8GD)
",43 467,hotline.ua/computer-videokarty/gigabyte-geforce-rtx-3070-vision-oc-8g-gv-n3070vision-oc-8gd/
"ASUS TUF-RTX3080-O10G-GAMING
",78 999,hotline.ua/computer-videokarty/asus-tuf-rtx3080-o10g-gaming/
"ASUS TUF-RTX3070-O8G-GAMING
",45 749,hotline.ua/computer-videokarty/asus-tuf-rtx3070-o8g-gaming/
"MSI GeForce RTX 3090 SUPRIM X 24G
",99 225,hotline.ua/computer-videokarty/msi-geforce-rtx-3090-suprim-x-24g/
"GIGABYTE AORUS GeForce RTX 3070 MASTER 8G (GV-N3070AORUS M-8GD)
",44 749,hotline.ua/computer-videokarty/gigabyte-aorus-geforce-rtx-3070-master-8g-gv-n3070aorus-m-8gd/
"Palit GeForce GTX 1660 Super 6GB StormX OC (NE6166SS18J9-161F)
",17 911,hotline.ua/computer-videokarty/palit-geforce-gtx-1660-super-6gb-stormx-oc-ne6166ss18j9-161f/
"ASUS TUF 3-RX5600XT-T6G-EVO-GAMING
",38 539,hotline.ua/computer-videokarty/asus-tuf-3-rx5600xt-t6g-evo-gaming/
"MSI GeForce GTX 1050 TI GAMING X 4G
",7 129,hotline.ua/computer-videokarty/msi-geforce-gtx-1050-ti-gaming-x-4g/
"Gainward GeForce GTX 1660 SUPER Ghost OC (471056224-1396)
",18 621,hotline.ua/computer-videokarty/gainward-geforce-gtx-1660-super-ghost-oc-471056224-1396/
"PowerColor Radeon RX 5700 XT (AXRX 5700 XT 8GBD6-3DH)
",38 944,hotline.ua/computer-videokarty/powercolor-radeon-rx-5700-xt-axrx-5700-xt-8gbd6-3dh/
"ASUS TUF-GTX1650-O4GD6-P-GAMING
",9 014,hotline.ua/computer-videokarty/asus-tuf-gtx1650-o4gd6-p-gaming/
"Palit GeForce RTX 3080 GameRock (NED3080U19IA-1020G)
",75 952,hotline.ua/computer-videokarty/palit-geforce-rtx-3080-gamerock-ned3080u19ia-1020g/
"ASUS DUAL-GTX1660-O6G-EVO
",16 657,hotline.ua/computer-videokarty/asus-dual-gtx1660-o6g-evo/
"MSI GeForce GTX 1660 Ti VENTUS XS 6G OC
",16 580,hotline.ua/computer-videokarty/msi-geforce-gtx-1660-ti-ventus-xs-6g-oc/
"PowerColor AMD Radeon RX 6900 XT Red Devil (AXRX 6900XT 16GBD6-3DHE/OC)
",53 142,hotline.ua/computer-videokarty/powercolor-amd-radeon-rx-6900-xt-red-devil-axrx-6900xt-16gbd6-3dheoc/
"MSI Radeon RX 6800 XT GAMING X TRIO 16G
",44 999,hotline.ua/computer-videokarty/msi-radeon-rx-6800-xt-gaming-x-trio-16g/
"GIGABYTE GeForce GTX 1060 WINDFORCE OC 3G (GV-N1060WF2OC-3GD)
",5 599,hotline.ua/computer-videokarty/gigabyte-geforce-gtx-1060-windforce-oc-3g-gv-n1060wf2oc-3gd/
"Palit GeForce RTX 3070 GamingPro OC (NE63070S19P2-1041A)
",44 499,hotline.ua/computer-videokarty/palit-geforce-rtx-3070-gamingpro-oc-ne63070s19p2-1041a/
"ASUS PH-GTX1650-O4GD6-P
",9 280,hotline.ua/computer-videokarty/asus-ph-gtx1650-o4gd6-p/
"ASUS PH-GTX1050TI-4G
",7 098,hotline.ua/computer-videokarty/asus-ph-gtx1050ti-4g/
"Palit GeForce RTX 3070 GameRock OC (NE63070H19P2-1040G)
",47 030,hotline.ua/computer-videokarty/palit-geforce-rtx-3070-gamerock-oc-ne63070h19p2-1040g/
"Palit GeForce GTX 1660 Super 6GB GamingPro (NE6166S018J9-1160A)
",19 117,hotline.ua/computer-videokarty/palit-geforce-gtx-1660-super-6gb-gamingpro-ne6166s018j9-1160a/
"ASUS TUF-GTX1650S-O4G-GAMING
",13 306,hotline.ua/computer-videokarty/asus-tuf-gtx1650s-o4g-gaming/
"MSI GeForce RTX 2080 SUPER GAMING X TRIO
",32 999,hotline.ua/computer-videokarty/msi-geforce-rtx-2080-super-gaming-x-trio/
"ASUS ROG-STRIX-RTX3080-O10G-GAMING
",81 199,hotline.ua/computer-videokarty/asus-rog-strix-rtx3080-o10g-gaming/
"Palit GeForce RTX 3090 GamingPro (NED3090019SB-132BA)
",87 999,hotline.ua/computer-videokarty/palit-geforce-rtx-3090-gamingpro-ned3090019sb-132ba/
"XFX Radeon RX 580 GTS XXX Edition (RX-580P8DFD6)
",19 399,hotline.ua/computer-videokarty/xfx-radeon-rx-580-gts-xxx-edition-rx-580p8dfd6/
"Sapphire Radeon RX 6900 XT OC 16 GB NITRO+ (11308-01-20G)
",59 164,hotline.ua/computer-videokarty/sapphire-radeon-rx-6900-xt-oc-16-gb-nitroplus-11308-01-20g/
"Palit GeForce RTX 3070 JetStream (NE63070019P2-1040J)
",42 799,hotline.ua/computer-videokarty/palit-geforce-rtx-3070-jetstream-ne63070019p2-1040j/
"ASUS PH-550-2G
",2 797,hotline.ua/computer-videokarty/asus-rx-550-phoenix-2-gb-ph-550-2g/
"ASUS PH-GT1030-O2G
",2 904,hotline.ua/computer-videokarty/asus-ph-gt1030-o2g/
"MSI Radeon RX 570 GAMING X 4G
",5 380,hotline.ua/computer-videokarty/msi-radeon-rx-570-gaming-x-4g/
"GIGABYTE Radeon RX 570 4G AORUS (GV-RX570AORUS-4GD)
",11 211,hotline.ua/computer-videokarty/gigabyte-radeon-rx-570-4g-aorus-gv-rx570aorus-4gd/
"Zotac GAMING GeForce RTX 3070 AMP Holo (ZT-A30700F-10P)
",45 777,hotline.ua/computer-videokarty/gaming-geforce-rtx-3070-amp-holo-zt-a30700f-10p/
"GIGABYTE GeForce GTX 1650 D6 WINDFORCE OC 4G (GV-N1656WF2OC-4GD)
",10 129,hotline.ua/computer-videokarty/gigabyte-geforce-gtx-1650-d6-windforce-oc-4g-gv-n1656wf2oc-4gd/
"ASUS CERBERUS-GTX1050TI-O4G
",7 266,hotline.ua/computer-videokarty/asus-cerberus-gtx1050ti-o4g/
"GIGABYTE GeForce GTX 1050 Ti OC 4G (GV-N105TOC-4GD)
",7 740,hotline.ua/computer-videokarty/gigabyte-geforce-gtx-1050-ti-oc-4g-gv-n105toc-4gd/
"AFOX GeForce GT 730 4 GB (AF730-4096D3L6)
",2 168,hotline.ua/computer-videokarty/afox-geforce-gt-730-4-gb-af730-4096d3l6/
"PowerColor Radeon RX 5500 XT OC 8GB (AXRX 5500 XT 8GBD6-DH/OC)
",14 499,hotline.ua/computer-videokarty/powercolor-radeon-rx-5500-xt-oc-8gb-axrx-5500-xt-8gbd6-dhoc/
"INNO3D GEFORCE RTX 3080 ICHILL X3 (C30803-106XX-1810VA37)
",74 999,hotline.ua/computer-videokarty/inno3d-geforce-rtx-3080-ichill-x3-c30803-106xx-1810va37/
"INNO3D GeForce RTX 2080 SUPER iCHILL FROSTBITE (C208SB-08D6X-1180FROS)
",35 660,hotline.ua/computer-videokarty/inno3d-geforce-rtx-2080-super-ichill-frostbite-c208sb-08d6x-1180fros/
"Palit GeForce RTX 3070 JetStream OC (NE63070T19P2-1040J)
",45 433,hotline.ua/computer-videokarty/palit-geforce-rtx-3070-jetstream-oc-ne63070t19p2-1040j/
"ASRock Radeon RX 6900 XT 16G
",49 999,hotline.ua/computer-videokarty/asrock-radeon-rx-6900-xt-16g/
"GIGABYTE GeForce RTX 3070 EAGLE OC 8G (GV-N3070EAGLE OC-8GD)
",43 949,hotline.ua/computer-videokarty/gigabyte-geforce-rtx-3070-eagle-oc-8g-gv-n3070eagle-oc-8gd/
"ASUS TUF-RX6800XT-O16G-GAMING
",47 999,hotline.ua/computer-videokarty/asus-tuf-rx6800xt-o16g-gaming/
"Palit GeForce RTX 3070 GameRock (NE63070019P2-1040G)
",44 999,hotline.ua/computer-videokarty/palit-geforce-rtx-3070-gamerock-ne63070019p2-1040g/
"Gainward GeForce RTX 3070 Phantom ""GS"" (NE63070T19P2-1040P)
",45 625,hotline.ua/computer-videokarty/geforce-rtx-3070-phantom-gs-ne63070t19p2-1040p/
"Gainward GeForce GTX 1660 SUPER Pegasus OC (471056224-1358)
",19 613,hotline.ua/computer-videokarty/gainward-geforce-gtx-1660-super-pegasus-oc-471056224-1358/
"ASUS DUAL-RTX2070S-8G-EVO
",27 999,hotline.ua/computer-videokarty/asus-dual-rtx2070s-8g-evo/
"MSI GeForce GTX 1660 GAMING X 6G
",17 099,hotline.ua/computer-videokarty/msi-geforce-gtx-1660-gaming-x-6g/
"GIGABYTE GeForce GTX 1050 Ti D5 4G (GV-N105TD5-4GD)
",7 271,hotline.ua/computer-videokarty/gigabyte-geforce-gtx-1050-ti-d5-4g-gv-n105td5-4gd/
"Sapphire RX 5600 XT 6G GDDR6 PULSE (11296-01)
",24 399,hotline.ua/computer-videokarty/sapphire-rx-5600-xt-6g-gddr6-pulse-11296-01/
"ASUS ROG-STRIX-RTX3060TI-O8G-GAMING
",46 999,hotline.ua/computer-videokarty/asus-rog-strix-rtx3060ti-o8g-gaming/
"GIGABYTE GT 1030 OC 2G (GV-N1030OC-2GI)
",2 986,hotline.ua/computer-videokarty/gigabyte-gt-1030-oc-2g-gv-n1030oc-2gi/
"ASUS TUF3-GTX1660-O6G-GAMING
",13 599,hotline.ua/computer-videokarty/asus-tuf3-gtx1660-o6g-gaming/
"GIGABYTE AORUS Radeon RX 6800 XT MASTER TYPE C 16G (GV-R68XTAORUS M-16GC)
",45 999,hotline.ua/computer-videokarty/gigabyte-aorus-radeon-rx-6800-xt-master-type-c-16g-gv-r68xtaorus-m-16gc/
"ASUS TURBO-RTX2080TI-11G
",30 999,hotline.ua/computer-videokarty/asus-turbo-rtx2080ti-11g/
"GIGABYTE Radeon RX 6800 GAMING OC 16G (GV-R68GAMING OC-16GD)
",44 990,hotline.ua/computer-videokarty/gigabyte-radeon-rx-6800-gaming-oc-16g-gv-r68gaming-oc-16gd/
"Zotac GAMING GeForce RTX 3070 Twin Edge OC (ZT-A30700H-10P)
",44 464,hotline.ua/computer-videokarty/zotac-gaming-geforce-rtx-3070-twin-edge-oc-zt-a30700h-10p/
"ASUS DUAL-RX580-O4G
",6 599,hotline.ua/computer-videokarty/asus-dual-rx580-o4g/
"ASUS DUAL-GTX1060-3G
",8 555,hotline.ua/computer-videokarty/asus-dual-gtx1060-3g/
"MSI GeForce RTX 2080 Ti GAMING X TRIO
",42 999,hotline.ua/computer-videokarty/msi-geforce-rtx-2080-ti-gaming-x-trio/
"Gainward GeForce RTX 3080 Phantom GS (NED3080H19IA-1020P/471056224-2140)
",71 174,hotline.ua/computer-videokarty/gainward-geforce-rtx-3080-phantom-gs-ned3080h19ia-1020p/
"XFX Radeon RX 570 RS 8GB XXX Edition (RX-570P8DFD6)
",16 800,hotline.ua/computer-videokarty/xfx-radeon-rx-570-rs-8gb-xxx-edition-rx-570p8dfd6/
"ASUS TURBO-RTX2080-8G
",28 999,hotline.ua/computer-videokarty/asus-turbo-rtx2080-8g/
"ASUS COD-BO4-ROG-STRIX-RTX2080TI
",34 999,hotline.ua/computer-videokarty/asus-cod-bo4-rog-strix-rtx2080ti/
"XFX Radeon RX 6800 XT Speedster MERC319 BLACK (RX-68XTACBD9)
",42 890,hotline.ua/computer-videokarty/xfx-radeon-rx-6800-xt-speedster-merc319-black-rx-68xtacbd9/
"PowerColor Radeon RX 6800 XT 16 GB Red Dragon (AXRX 6800XT 16GBD6-3DHR/OC)
",46 200,hotline.ua/computer-videokarty/powercolor-radeon-rx-6800-xt-16-gb-red-dragon-axrx-6800xt-16gbd6-3dhroc/
"ASUS TUF-RTX3060TI-8G-GAMING
",41 499,hotline.ua/computer-videokarty/asus-tuf-rtx3060ti-8g-gaming/
"Zotac GAMING GeForce GTX 1650 OC (ZT-T16520F-10L)
",8 590,hotline.ua/computer-videokarty/zotac-gaming-geforce-gtx-1650-oc-zt-t16520f-10l/
"AFOX Radeon R5 220 2 GB (AFR5220-2048D3L5)
",984,hotline.ua/computer-videokarty/afox-radeon-r5-220-2-gb-afr5220-2048d3l5/
"GIGABYTE GeForce GTX 1080 WINDFORCE OC 8G (GV-N1080WF3OC-8GD)
",29 070,hotline.ua/computer-videokarty/gigabyte-geforce-gtx-1080-windforce-oc-8g-gv-n1080wf3oc-8gd/
"MSI Radeon RX 5700 XT MECH OC
",35 999,hotline.ua/computer-videokarty/msi-radeon-rx-5700-xt-mech-oc/
"GIGABYTE Radeon RX 5700 XT 8GB Gaming OC (GV-R57XTGAMING OC-8GD)
",36 999,hotline.ua/computer-videokarty/gigabyte-radeon-rx-5700-xt-8gb-gaming-oc-gv-r57xtgaming-oc-8gd/
"Zotac GAMING GeForce RTX 3070 Twin Edge OC White Edition (ZT-A30700J-10P)
",42 731,hotline.ua/computer-videokarty/zotac-gaming-geforce-rtx-3070-twin-edge-oc-white-edition-zt-a30700j-10p/
"GIGABYTE GeForce GTX 1050 Ti OC Low Profile 4G (GV-N105TOC-4GL)
",6 882,hotline.ua/computer-videokarty/gigabyte-geforce-gtx-1050-ti-oc-low-profile-4g-gv-n105toc-4gl/
"MSI GeForce GTX 1050 TI 4GT OC
",7 249,hotline.ua/computer-videokarty/msi-geforce-gtx-1050-ti-4gt-oc/
"MSI GeForce GT 1030 AERO ITX 2G OC
",2 825,hotline.ua/computer-videokarty/msi-geforce-gt-1030-aero-itx-2g-oc/
"INNO3D GeForce GTX 1060 6GB Crypto Mining Board (MN106F-5SDN-N5G-M)
",12 499,hotline.ua/computer-videokarty/inno3d-geforce-gtx-1060-6gb-crypto-mining-board-mn106f-5sdn-n5g-m/
"AMD Radeon HD 7470 1 GB 64-bit DDR3 (OUGA9)
",461,hotline.ua/computer-videokarty/amd-radeon-hd-7470-1-gb-64-bit-ddr3-ouga9/
"AMD Radeon HD 7470 1 GB 64-bit DDR3 (OUGA9)
",461,hotline.ua/computer-videokarty/amd-radeon-hd-7470-1-gb-64-bit-ddr3-ouga9/
"INNO3D GEFORCE RTX 3070 ICHILL X4 (C30704-08D6X-1710VA35)
",42 999,hotline.ua/computer-videokarty/inno3d-geforce-rtx-3070-ichill-x4-c30704-08d6x-1710va35/
"MSI GeForce GTX 1650 D6 VENTUS XS OC
",10 088,hotline.ua/computer-videokarty/msi-geforce-gtx-1650-d6-ventus-xs-oc/
"AFOX GeForce GT 730 2 GB (AF730-2048D5H5)
",2 215,hotline.ua/computer-videokarty/afox-geforce-gt-730-2-gb-af730-2048d5h5/
"Palit GeForce GTX 1650 GP OC (NE61650S1BG1-1175A)
",8 444,hotline.ua/computer-videokarty/palit-geforce-gtx-1650-gp-oc-ne61650s1bg1-1175a/
"Colorful GeForce GTX 960 4GB iCafe V3 (GTX960-4GD5-V3)
",5 255,hotline.ua/computer-videokarty/colorful-geforce-gtx-960-4gb-icafe-v3-gtx960-4gd5-v3/
"MSI GeForce GTX 1660 Ti VENTUS XS 6G
",17 920,hotline.ua/computer-videokarty/msi-geforce-gtx-1660-ti-ventus-xs-6g/
"MSI GeForce GTX 1050 Ti Aero ITX 4G OCV1
",6 568,hotline.ua/computer-videokarty/msi-geforce-gtx-1050-ti-aero-itx-4g-ocv1/
"MSI GeForce GT 1030 2GH LP OC
",2 664,hotline.ua/computer-videokarty/msi-geforce-gt-1030-2gh-lp-oc/
"ASUS ROG-STRIX-LC-RX6800XT-O16G-GAMING
",51 499,hotline.ua/computer-videokarty/asus-rog-strix-lc-rx6800xt-o16g-gaming/
"PowerColor Radeon RX 5600 XT 6GB (AXRX 5600XT 6GBD6-3DHV2/OC)
",23 999,hotline.ua/computer-videokarty/powercolor-axrx-5600xt-6gbd6-3dhv2oc/
"GIGABYTE GeForce RTX 3090 EAGLE OC 24G (GV-N3090EAGLE OC-24GD)
",87 999,hotline.ua/computer-videokarty/gigabyte-geforce-rtx-3090-eagle-oc-24g-gv-n3090eagle-oc-24gd/
"ASUS DUAL-RTX2070-O8G-EVO
",25 199,hotline.ua/computer-videokarty/asus-dual-rtx2070-o8g-evo/
"ASUS TURBO-RTX2060-6G
",18 999,hotline.ua/computer-videokarty/asus-turbo-rtx2060-6g/
"KFA2 GeForce RTX 2080 Super EX 1-Click OC (28ISL6MDU9EK)
",32 999,hotline.ua/computer-videokarty/kfa2-geforce-rtx-2080-super-ex-1-click-oc-28isl6mdu9ek/
"ASUS DUAL-RTX2080TI-11G
",33 099,hotline.ua/computer-videokarty/asus-dual-rtx2080ti-11g/
"GIGABYTE GeForce RTX 3080 VISION OC 10G (GV-N3080VISION OC-10GD)
",74 999,hotline.ua/computer-videokarty/gigabyte-geforce-rtx-3080-vision-oc-10g-gv-n3080vision-oc-10gd/
"Palit GeForce RTX 3080 GameRock OC (NED3080H19IA-1020G)
",77 825,hotline.ua/computer-videokarty/palit-geforce-rtx-3080-gamerock-oc-ned3080h19ia-1020g/
"GIGABYTE GeForce RTX 3090 VISION OC 24G (GV-N3090VISION OC-24GD)
",87 999,hotline.ua/computer-videokarty/gigabyte-geforce-rtx-3090-vision-oc-24g-gv-n3090vision-oc-24gd/
"GIGABYTE GV-N710D5-1GL
",1 227,hotline.ua/computer-videokarty/gigabyte-gv-n710d5-1gl/
"MSI GeForce GTX 1050 TI 4GT LP
",7 318,hotline.ua/computer-videokarty/msi-geforce-gtx-1050-ti-4gt-lp/
"ASUS DUAL-RTX2060-A6G
",21 599,hotline.ua/computer-videokarty/asus-dual-rtx2060-a6g/
"MSI Radeon RX 470 ARMOR 4G
",7 895,hotline.ua/computer-videokarty/msi-radeon-rx-470-armor-4g/
"PowerColor Radeon RX 6800 XT 16 GB Red Devil (AXRX 6800XT 16GBD6-3DHE/OC)
",49 970,hotline.ua/computer-videokarty/powercolor-radeon-rx-6800-xt-16-gb-red-devil-axrx-6800xt-16gbd6-3dheoc/
"GIGABYTE GT 1030 Silent Low Profile 2G (GV-N1030SL-2GL)
",2 866,hotline.ua/computer-videokarty/gigabyte-gt-1030-silent-low-profile-2g-gv-n1030sl-2gl/
"GIGABYTE GV-N710D5-2GIL
",1 780,hotline.ua/computer-videokarty/gigabyte-gv-n710d5-2gil/
"ASUS TUF-RTX3090-24G-GAMING
",104 821,hotline.ua/computer-videokarty/asus-tuf-rtx3090-24g-gaming/
"ASUS CERBERUS-GTX1050TI-A4G
",7 688,hotline.ua/computer-videokarty/asus-cerberus-gtx1050ti-a4g/
"ASUS PH-GTX1650S-O4G
",12 599,hotline.ua/computer-videokarty/asus-ph-gtx1650s-o4g/
"Gainward GeForce GTX 1660 SUPER Ghost (471056224-1402)
",17 199,hotline.ua/computer-videokarty/gainward-geforce-gtx-1660-super-ghost-471056224-1402/
"ASUS DUAL-RTX2070S-O8G-EVO
",27 999,hotline.ua/computer-videokarty/asus-dual-rtx2070s-o8g-evo/
"MSI Radeon RX 6800 XT GAMING TRIO 16G
",44 850,hotline.ua/computer-videokarty/msi-radeon-rx-6800-xt-gaming-trio-16g/
"GIGABYTE GeForce GTX 1050 OC Low Profile 2G (GV-N1050OC-2GL)
",4 276,hotline.ua/computer-videokarty/gigabyte-geforce-gtx-1050-oc-low-profile-2g-gv-n1050oc-2gl/
"ASUS DUAL-RX5700-O8G-EVO
",29 850,hotline.ua/computer-videokarty/asus-dual-rx5700-o8g-evo/
"ASUS TURBO-GTX1060-6G
",9 122,hotline.ua/computer-videokarty/asus-turbo-gtx1060-6g/
"GIGABYTE GeForce GTX 1050 Windforce OC 2G (GV-N1050WF2OC-2GD)
",4 451,hotline.ua/computer-videokarty/gigabyte-geforce-gtx-1050-windforce-oc-2g-gv-n1050wf2oc-2gd/
"HP Quadro RTX 4000 (5JV89AA)
",35 233,hotline.ua/computer-videokarty/hp-quadro-rtx-4000-5jv89aa/
"ASUS DUAL-RTX2080S-8G-EVO-V2
",29 499,hotline.ua/computer-videokarty/asus-dual-rtx2080s-8g-evo-v2/
"HP Quadro P2200 (6YT67AA)
",20 135,hotline.ua/computer-videokarty/hp-quadro-p2200-6yt67aa/
"ASUS STRIX-GTX1650S-O4G-GAMING
",12 284,hotline.ua/computer-videokarty/asus-strix-gtx1650s-o4g-gaming/
"AMD Radeon R5 340 2GBb 64bit DDR3 (7122107700G 701B5F)
",896,hotline.ua/computer-videokarty/amd-radeon-r5-340-2gbb-64bit-ddr3-7122107700g-701b5f/
"PowerColor Radeon RX 6800 16 GB (AXRX 6800 16GBD6-3DH/OC)
",38 999,hotline.ua/computer-videokarty/powercolor-radeon-rx-6800-16-gb-axrx-6800-16gbd6-3dhoc/
"Sapphire Radeon RX 5600 XT BE 6G Pulse OC (11296-05)
",24 099,hotline.ua/computer-videokarty/sapphire-radeon-rx-5600-xt-be-6g-pulse-oc-11296-05/
"ASUS GT710-4H-SL-2GD5
",1 833,hotline.ua/computer-videokarty/asus-gt710-4h-sl-2gd5/
"ASUS DUAL-RTX2070S-A8G-EVO
",27 999,hotline.ua/computer-videokarty/asus-dual-rtx2070s-a8g-evo/
"ASUS AREZ-DUAL-RX580-O8G
",16 899,hotline.ua/computer-videokarty/asus-arez-dual-rx580-o8g/
"PNY Quadro RTX 4000 (VCQRTX4000-PB)
",31 997,hotline.ua/computer-videokarty/pny-quadro-rtx-4000-vcqrtx4000-pb/
"GIGABYTE GeForce GT730 GV-N730D5-2GI
",2 290,hotline.ua/computer-videokarty/gigabyte-geforce-gt730-gv-n730d5-2gi/
"GIGABYTE GeForce GTX 1050 D5 2G (GV-N1050D5-2GD)
",4 276,hotline.ua/computer-videokarty/gigabyte-geforce-gtx-1050-d5-2g-gv-n1050d5-2gd/
"MSI GeForce GT 710 (GT 710 1GD3H LP)
",1 318,hotline.ua/computer-videokarty/msi-geforce-gt-710-gt-710-1gd3h-lp/
"GIGABYTE GeForce GTX 1050 OC 2G (GV-N1050OC-2GD)
",4 481,hotline.ua/computer-videokarty/gigabyte-geforce-gtx-1050-oc-2g-gv-n1050oc-2gd/
"PNY Quadro RTX 6000 (VCQRTX6000-EDU-PB)
",168 364,hotline.ua/computer-videokarty/pny-quadro-rtx-6000-vcqrtx6000-edu-pb/
"MSI GeForce GT 1030 2G LP OC
",2 855,hotline.ua/computer-videokarty/msi-geforce-gt-1030-2g-lp-oc/
"Gainward GeForce GTX 1650 D6 Ghost OC (471056224-1785)
",8 186,hotline.ua/computer-videokarty/gainward-geforce-gtx-1650-d6-ghost-oc-471056224-1785/
"GIGABYTE GT 1030 Low Profile 2G (GV-N1030D5-2GL)
",2 884,hotline.ua/computer-videokarty/gigabyte-gt-1030-low-profile-2g-gv-n1030d5-2gl/
"ASUS GT1030-SL-2G-BRK
",2 781,hotline.ua/computer-videokarty/asus-gt1030-sl-2g-brk/
"AFOX GeForce GT 220 1 GB (AF220-1024D3L2)
",1 027,hotline.ua/computer-videokarty/afox-geforce-gt-220-1-gb-af220-1024d3l2/
"PNY GeForce RTX 3090 24GB XLR8 Gaming Revel Epic-X RGB Triple Fan Edition...
",100 364,hotline.ua/computer-videokarty/pny-geforce-rtx-3090-24gb-xlr8-gaming-revel-epic-x-rgb-triple-fan-edition-vcg309024tfxppb/
"XFX RX 5600 XT 14Gbps THICC III Pro 6GB (RX-56XT6TF48)
",24 999,hotline.ua/computer-videokarty/xfx-rx-5600-xt-14gbps-thicc-iii-pro-6gb-rx-56xt6tf48/
"GIGABYTE P104-100 4G (GV-NP104D5X-4G)
",15 000,hotline.ua/computer-videokarty/gigabyte-p104-100-4g-gv-np104d5x-4g/
"INNO3D GeForce GT 1030 0dB (N1030-1SDV-E5BL)
",2 801,hotline.ua/computer-videokarty/inno3d-geforce-gt-1030-0db-n1030-1sdv-e5bl/
"GIGABYTE GV-N710D5-2GL
",1 720,hotline.ua/computer-videokarty/gigabyte-gv-n710d5-2gl/
"Zotac GeForce GTX 1050 Ti Mini (ZT-P10510A-10L)
",6 560,hotline.ua/computer-videokarty/zotac-geforce-gtx-1050-ti-mini-zt-p10510a-10l/
"ASUS TURBO-RTX2070S-8G-EVO
",26 999,hotline.ua/computer-videokarty/asus-turbo-rtx2070s-8g-evo/
"MSI GeForce GT 710 (GT 710 2GD3H LP)
",1 648,hotline.ua/computer-videokarty/msi-geforce-gt-710-gt-710-2gd3h-lp/
"GIGABYTE GV-N710D5SL-2GL
",1 679,hotline.ua/computer-videokarty/gigabyte-gv-n710d5sl-2gl/
"GIGABYTE AORUS GeForce RTX 3080 XTREME 10G (GV-N3080AORUS X-10GD)
",71 999,hotline.ua/computer-videokarty/gigabyte-aorus-geforce-rtx-3080-xtreme-10g-gv-n3080aorus-x-10gd/
"Matrox M9148 (M9148-E1024LAF)
",22 272,hotline.ua/computer-videokarty/matrox-m9148-m9148-e1024laf/
"ASUS DUAL-RTX2060-O6G-EVO
",33 775,hotline.ua/computer-videokarty/asus-dual-rtx2060-o6g-evo/
"ASUS GT710-SL-2GD5
",2 150,hotline.ua/computer-videokarty/asus-gt710-sl-2gd5/
"ASUS TUF 3-RX5600XT-O6G-EVO-GAMING
",23 999,hotline.ua/computer-videokarty/asus-tuf-3-rx5600xt-o6g-evo-gaming/
"Palit GeForce GTX 1050 StormX (NE5105001841-1070F)
",4 396,hotline.ua/computer-videokarty/palit-geforce-gtx-1050-stormx-ne5105001841-1070f/
"ASUS TUF 3-RX5600XT-O6G-EVO-GAMING
",23 999,hotline.ua/computer-videokarty/asus-tuf-3-rx5600xt-o6g-evo-gaming/
"AFOX GeForce GT 710 1Gb (AF710-1024D3L8-V2)
",1 106,hotline.ua/computer-videokarty/afox-geforce-gt-710-1gb-af710-1024d3l8-v2/
"PNY Quadro P2200 (VCQP2200-PB)
",20 285,hotline.ua/computer-videokarty/pny-quadro-p2200-vcqp2200-pb/
"AFOX GeForce GT 610 2 GB (AF610-2048D3L7-V6)
",1 100,hotline.ua/computer-videokarty/afox-geforce-gt-610-2-gb-af610-2048d3l7-v6/
"AFOX GeForce GT 730 2GB (AF730-2048D3L6)
",2 187,hotline.ua/computer-videokarty/afox-geforce-gt-730-2gb-af730-2048d3l6/
"HP Quadro P400 Graphics (1ME43AA)
",3 582,hotline.ua/computer-videokarty/hp-quadro-p400-graphics-1me43aa/
"ASUS GT1030-2G-BRK
",2 794,hotline.ua/computer-videokarty/asus-gt1030-2g-brk/
"Palit GeForce GT 1030 (NE5103000646-1080F)
",2 687,hotline.ua/computer-videokarty/palit-geforce-gt-1030-ne5103000646-1080f/
"ASUS R7240-2GD5-L
",2 599,hotline.ua/computer-videokarty/asus-r7240-2gd5-l/
"AFOX GeForce GT 710 2 GB (AF710-2048D3L7)
",1 410,hotline.ua/computer-videokarty/afox-geforce-gt-710-2-gb-af710-2048d3l7/
"PowerColor Radeon RX 580 Red Devil (AXRX 580 8GBD5-3DH/OC)
",17 999,hotline.ua/computer-videokarty/powercolor-radeon-rx-580-red-devil-axrx-580-8gbd5-3dhoc/
"GIGABYTE GeForce GT 710 (GV-N710D3-2GL)
",1 676,hotline.ua/computer-videokarty/gigabyte-geforce-gt-710-gv-n710d3-2gl/
"GIGABYTE GV-N730D5-2GL
",2 220,hotline.ua/computer-videokarty/gigabyte-gv-n730d5-2gl/
"Sapphire Radeon RX 5700 XT Pulse (11293-01)
",36 225,hotline.ua/computer-videokarty/sapphire-radeon-rx-5700-xt-pulse-11293-01/
"AFOX GeForce G210 1GB (AF210-1024D2LG2-V7)
",1 260,hotline.ua/computer-videokarty/afox-geforce-g210-1gb-af210-1024d2lg2-v7/
"PNY Quadro RTX 5000 (VCQRTX5000-PB)
",81 876,hotline.ua/computer-videokarty/pny-quadro-rtx-5000-vcqrtx5000-pb/
"ASUS GT710-SL-2GD5-BRK
",1 893,hotline.ua/computer-videokarty/asus-gt710-sl-2gd5-brk/
"Dell Quadro RTX 5000 (490-BFDB)
",57 226,hotline.ua/computer-videokarty/dell-quadro-rtx-5000-490-bfdb/
"AFOX GeForce GTX 1050 Ti V2 (AF1050TI-4096D5H2)
",7 499,hotline.ua/computer-videokarty/afox-geforce-gtx-1050-ti-v2-af1050ti-4096d5h2/
"ASUS DUAL-RTX2080TI-A11G
",34 699,hotline.ua/computer-videokarty/asus-dual-rtx2080ti-a11g/
"AMD Radeon HD 8490 1 GB DDR3 (71219811H0G)
",455,hotline.ua/computer-videokarty/amd-radeon-hd-8490-1-gb-ddr3-71219811h0g/
"HP NVIDIA Quadro P620 (3ME25AA)
",5 625,hotline.ua/computer-videokarty/hp-nvidia-quadro-p620-3me25aa/
"Dell Quadro P6000 (490-BDPE)
",90 227,hotline.ua/computer-videokarty/dell-quadro-p6000-490-bdpe/
"Dell Quadro RTX 4000 (490-BFCY)
",30 649,hotline.ua/computer-videokarty/dell-quadro-rtx-4000-490-bfcy/
"ASUS GT710-SL-1GD5
",1 389,hotline.ua/computer-videokarty/asus-gt710-sl-1gd5/
"PNY Quadro P620 (VCQP620V2-PB)
",6 472,hotline.ua/computer-videokarty/pny-quadro-p620-vcqp620v2-pb/
"Dell NVIDIA Quadro P620 (490-BEQV)
",5 660,hotline.ua/computer-videokarty/dell-nvidia-quadro-p620-490-beqv/
"Palit GeForce GT 710 (NEAT7100HD46)
",1 537,hotline.ua/computer-videokarty/palit-geforce-gt-710-neat7100hd46/
"PNY Quadro RTX 4000 (VCQRTX4000-BSP)
",31 082,hotline.ua/computer-videokarty/pny-quadro-rtx-4000-vcqrtx4000-bsp/
"PNY Quadro RTX 5000 (VCQRTX5000-BSP)
",80 827,hotline.ua/computer-videokarty/pny-quadro-rtx-5000-vcqrtx5000-bsp/
"HP Quadro RTX 5000 (5JH81AA)
",65 787,hotline.ua/computer-videokarty/hp-quadro-rtx-5000-5jh81aa/
"Palit GeForce GT730 2 GB (NEAT7300HD46)
",2 043,hotline.ua/computer-videokarty/palit-geforce-gt730-2-gb-neat7300hd46/
"AFOX Radeon HD 5450 2 GB (AF5450-2048D3L5)
",1 170,hotline.ua/computer-videokarty/afox-radeon-hd-5450-2-gb-af5450-2048d3l5/
"ASUS ROG-STRIX-RTX2070S-O8G-GAMING
",29 999,hotline.ua/computer-videokarty/asus-rog-strix-rtx2070s-o8g-gaming/
"AFOX GeForce GT 730 2 GB (AF730-2048D3L7)
",1 804,hotline.ua/computer-videokarty/afox-geforce-gt-730-2-gb-af730-2048d3l7/
"Dell Quadro P400 (490-BDTB)
",3 705,hotline.ua/computer-videokarty/dell-quadro-p400-490-bdtb/
"GIGABYTE GeForce GT730 GV-N730-2GI
",2 925,hotline.ua/computer-videokarty/gigabyte-geforce-gt730-gv-n730-2gi/
"HP Quadro M4000 (M6V52AA)
",44 613,hotline.ua/computer-videokarty/hp-quadro-m4000-m6v52aa/
"GIGABYTE GV-N210D3-1GI
",1 376,hotline.ua/computer-videokarty/gigabyte-gv-n210d3-1gi/
"PowerColor Radeon RX 580 Red Dragon (AXRX 580 8GBD5-3DHDV2/OC)
",17 999,hotline.ua/computer-videokarty/powercolor-radeon-rx-580-red-dragon-axrx-580-8gbd5-3dhdv2oc/
"MSI GeForce GT 730 N730K-2GD3H/LP
",2 235,hotline.ua/computer-videokarty/msi-geforce-gt-730-n730k-2gd3hlp/
"MSI GeForce GT 1030 2G LP OCV1
",2 822,hotline.ua/computer-videokarty/msi-geforce-gt-1030-2g-lp-ocv1/
"PNY Quadro P620 (VCQP620-SB)
",5 773,hotline.ua/computer-videokarty/pny-quadro-p620-vcqp620-sb/
"AFOX GeForce G210 1 GB (AF210-1024D2LG2)
",1 447,hotline.ua/computer-videokarty/afox-geforce-g210-1-gb-af210-1024d2lg2/
"MSI RX 470 MINER 4G
",6 999,hotline.ua/computer-videokarty/msi-rx-470-miner-4g/
"AFOX GeForce GT 710 2 GB (AF710-2048D3L5-V3)
",1 685,hotline.ua/computer-videokarty/afox-geforce-gt-710-2-gb-af710-2048d3l5-v3/
"HIS HD5450 Silence 1GB H545HR1G
",1 086,hotline.ua/computer-videokarty/his_hd5450_silence_1gb_h545hr1g/
"INNO3D GeForce GT 710 (N710-1SDV-D3BX)
",1 226,hotline.ua/computer-videokarty/inno3d-geforce-gt-710-n710-1sdv-d3bx/
"MSI GeForce GTX 1650 AERO ITX 4G OC
",8 540,hotline.ua/computer-videokarty/msi-geforce-gtx-1650-aero-itx-4g-oc/
"PNY Quadro P400V2 (VCQP400V2-SB)
",3 772,hotline.ua/computer-videokarty/pny-quadro-p400v2-vcqp400v2-sb/
"AFOX GeForce GT 730 1GB (AF730-1024D3L7-V1)
",1 718,hotline.ua/computer-videokarty/afox-geforce-gt-730-1gb-af730-1024d3l7-v1/
"HP NVIDIA Quadro P1000 (1ME01AA)
",12 489,hotline.ua/computer-videokarty/hp-nvidia-quadro-p1000-1me01aa/
"ASUS GT730-SL-2G-BRK-V2
",1 999,hotline.ua/computer-videokarty/asus-gt730-sl-2g-brk-v2/
"GIGABYTE GV-N210D3-1GI V6.0
",1 431,hotline.ua/computer-videokarty/gigabyte-gv-n210d3-1gi-v60/
"AFOX GeForce G210 1 GB (AF210-1024D3L5-V2)
",1 030,hotline.ua/computer-videokarty/afox-geforce-g210-1-gb-af210-1024d3l5-v2/
"ASUS GT710-SL-1GD5-BRK
",1 384,hotline.ua/computer-videokarty/asus-gt710-sl-1gd5-brk/
"HP NVS 510 2 GB GFX (C2J98AA)
",14 478,hotline.ua/computer-videokarty/nvidia-nvs-510-2-gb-gfx-c2j98aa/
"PNY GT 1030 2 GB GDDR5 (GF1030GTLF2GEPB)
",4 378,hotline.ua/computer-videokarty/pny-gt-1030-2-gb-gddr5-gf1030gtlf2gepb/
"PNY Quadro P400 (VCQP400DVIV2-PB)
",4 272,hotline.ua/computer-videokarty/pny-quadro-p400-vcqp400dviv2-pb/
"GIGABYTE GeForce GTX 1650 D6 OC Low Profile 4G (GV-N1656OC-4GL)
",8 276,hotline.ua/computer-videokarty/gigabyte-geforce-gtx-1650-d6-oc-low-profile-4g-gv-n1656oc-4gl/
"AFOX Radeon HD 6450 2 GB (AF6450-2048D3L9-V2)
",1 306,hotline.ua/computer-videokarty/afox-radeon-hd-6450-2-gb-af6450-2048d3l9-v2/
"HP Quadro K4000 3GB (C2J94AA)
",40 337,hotline.ua/computer-videokarty/nvidia-quadro-k4000-3gb-c2j94aa/
"MSI GeForce RTX 2070 AERO ITX 8G
",28 999,hotline.ua/computer-videokarty/msi-geforce-rtx-2070-aero-itx-8g/
"ASUS PH-GTX1650-O4GD6
",10 220,hotline.ua/computer-videokarty/asus-ph-gtx1650-o4gd6/
"AFOX AF1050-2048D5H7
",6 214,hotline.ua/computer-videokarty/afox-af1050-2048d5h7/
"MSI GT 710 2GD3 LP
",1 975,hotline.ua/computer-videokarty/msi-gt-710-2gd3-lp/
"PNY Quadro P1000V2 (VCQP1000V2-SB)
",11 680,hotline.ua/computer-videokarty/pny-quadro-p1000v2-vcqp1000v2-sb/
"Gainward GT730 2 GB (426018336-3224)
",1 836,hotline.ua/computer-videokarty/gainward-gt730-2-gb-426018336-3224/
"MSI GT 710 1GD3 LP
",1 675,hotline.ua/computer-videokarty/msi-gt-710-1gd3-lp/
"PNY Quadro P400 (VCQP400V2-PB)
",6 732,hotline.ua/computer-videokarty/pny-quadro-p400-vcqp400v2-pb/
"AFOX GeForce GT 610 1 GB (AF610-2048D3L7)
",1 162,hotline.ua/computer-videokarty/afox-af610-2048d3l7/
"AFOX Radeon R5 230 2 GB (AFR5230-2048D3L4)
",1 102,hotline.ua/computer-videokarty/afox-radeon-r5-230-2-gb-afr5230-2048d3l4/
"PNY NVIDIA Quadro P4000 (VCQP4000-PB)
",43 528,hotline.ua/computer-videokarty/pny-nvidia-quadro-p4000-vcqp4000-pb/
"Zotac GeForce GT 1030 2GB (ZT-P10300A-10L)
",3 056,hotline.ua/computer-videokarty/zotac-geforce-gt-1030-2gb-zt-p10300a-10l/
"HP Radeon Pro WX 4100 (Z0B15AA)
",20 741,hotline.ua/computer-videokarty/hp-radeon-pro-wx-4100-z0b15aa/
"AFOX Radeon R5 230 2 GB (AFR5230-2048D3L9-V2)
",1 306,hotline.ua/computer-videokarty/afox-radeon-r5-230-2-gb-afr5230-2048d3l9-v2/
"AFOX AF1050-2048D5H7
",6 214,hotline.ua/computer-videokarty/afox-af1050-2048d5h7/
"MSI GT 710 2GD3 LP
",1 975,hotline.ua/computer-videokarty/msi-gt-710-2gd3-lp/
"PNY Quadro P1000V2 (VCQP1000V2-SB)
",11 680,hotline.ua/computer-videokarty/pny-quadro-p1000v2-vcqp1000v2-sb/
"ASUS GT610-SL-1GD3-L
",5 623,hotline.ua/computer-videokarty/asus-gt610-sl-1gd3-l/
"ASUS R5230-SL-1GD3-L
",1 596,hotline.ua/computer-videokarty/asus-r5230-sl-1gd3-l/
"PNY NVIDIA Quadro P2000 (VCQP2000-PB)
",23 382,hotline.ua/computer-videokarty/pny-nvidia-quadro-p2000-vcqp2000-pb/
"HP NVIDIA Quadro P2000 (1ME41AA)
",12 594,hotline.ua/computer-videokarty/hp-nvidia-quadro-p2000-1me41aa/
"PNY Quadro P1000 v2 (VCQP1000V2-PB)
",16 832,hotline.ua/computer-videokarty/pny-quadro-p1000-v2-vcqp1000v2-pb/
"PNY GeForce GT 710 (GF710GTLH1GEPB)
",2 858,hotline.ua/computer-videokarty/pny-geforce-gt-710-gf710gtlh1gepb/
"ASUS EAH5450 SILENT/DI/1GD3(LP)
",4 512,hotline.ua/computer-videokarty/asus_eah5450_silentdi1gd3lp/
"INNO3D GeForce GT730 2 GB (N730-1SDV-E3BX)
",2 178,hotline.ua/computer-videokarty/inno3d-geforce-gt730-1-gb-n730-1sdv-e3bx/
"HP Quadro K2200 (J3G88AA)
",12 963,hotline.ua/computer-videokarty/nvidia-quadro-k2200-j3g88aa/
"Gainward GeForce GT 710 (4260183363576)
",3 900,hotline.ua/computer-videokarty/gainward-geforce-gt-710-4260183363576/
"Palit GeForce GT 730 2048MB GDDR5 (NE5T7300HD46-2087F)
",2 093,hotline.ua/computer-videokarty/palit-geforce-gt-730-2048mb-gddr5-ne5t7300hd46-2087f/
"AFOX GeForce GT 1030 (AF1030-2048D5L5)
",2 866,hotline.ua/computer-videokarty/afox-geforce-gt-1030-af1030-2048d5l5/
"PNY Quadro K420 (VCQK420-2GB-PB)
",3 735,hotline.ua/computer-videokarty/pny-quadro-k420-vcqk420-2gb-pb/
"PNY Quadro P400 (VCQP400DVI-PB)
",6 494,hotline.ua/computer-videokarty/pny-quadro-p400-vcqp400dvi-pb/
"PNY Quadro P620 (VCQP620V2-SB)
",6 275,hotline.ua/computer-videokarty/pny-quadro-p620-vcqp620v2-sb/
"HP Quadro K5000 4GB (C2J95AA)
",36 667,hotline.ua/computer-videokarty/nvidia-quadro-k5000-4gb-c2j95aa/
"INNO3D GeForce GT730 1 GB (N730-1SDV-D3BX)
",2 052,hotline.ua/computer-videokarty/inno3d-geforce-gt730-1-gb-n730-1sdv-d3bx/
"ASUS GT610-SL-1GD3-L
",5 623,hotline.ua/computer-videokarty/asus-gt610-sl-1gd3-l/
"ASUS R5230-SL-1GD3-L
",1 596,hotline.ua/computer-videokarty/asus-r5230-sl-1gd3-l/
"PNY NVIDIA Quadro P2000 (VCQP2000-PB)
",23 382,hotline.ua/computer-videokarty/pny-nvidia-quadro-p2000-vcqp2000-pb/
"HP NVIDIA Quadro P2000 (1ME41AA)
",12 594,hotline.ua/computer-videokarty/hp-nvidia-quadro-p2000-1me41aa/
"PNY Quadro P1000 v2 (VCQP1000V2-PB)
",16 832,hotline.ua/computer-videokarty/pny-quadro-p1000-v2-vcqp1000v2-pb/
